pos,player,runs,mat,inns,no,sr,boundary_pct,avg_balls_inns,base_price,final_price,role,final_price_rate,cricket_role
71,Abdul Samad,116,8,8,2,131.81,60.34,11.0,3000000,42000000,Uncapped,14.0,Batters
8,Abhishek Sharma,563,15,15,1,204.72,81.35,18.33,2000000,65000000,Capped,32.5,All Rounders
156,Adam Milne,2,1,1,1,100.0,0.0,2.0,20000000,24000000,Capped,1.2,Bowlers
46,Aiden Markram,231,12,11,2,138.32,63.2,15.18,20000000,20000000,Capped,1.0,All Rounders
27,Ajinkya Rahane,335,14,14,1,135.08,62.09,17.71,15000000,15000000,Capped,1.0,Batters
142,Akeal Hosein,5,7,3,3,166.66,0.0,1.0,20000000,20000000,Capped,1.0,All Rounders
107,Akshat Raghuwanshi,29,3,2,0,116.0,34.48,12.5,3000000,22000000,Uncapped,7.33,Batters
20,Angkrish Raghuvanshi,422,13,12,2,146.52,64.93,24.0,3000000,30000000,Uncapped,10.0,Batters
80,Aniket Verma,79,10,8,2,146.29,68.35,6.75,3000000,3000000,Uncapped,1.0,Batters
90,Anshul Kamboj,58,14,4,2,152.63,62.07,9.5,3000000,34000000,Uncapped,11.33,Bowlers
94,Anukul Roy,52,14,7,3,133.33,46.15,5.57,3000000,4000000,Uncapped,1.33,All Rounders
144,Arjun Tendulkar,5,1,1,1,100.0,0.0,5.0,3000000,3000000,Uncapped,1.0,All Rounders
162,Arshdeep Singh,1,14,1,1,100.0,0.0,1.0,20000000,180000000,Capped,9.0,Bowlers
118,Arshin Kulkarni,17,2,2,0,68.0,23.53,12.5,3000000,3000000,Uncapped,1.0,All Rounders
166,Ashok Sharma,1,6,2,2,25.0,0.0,2.0,3000000,9000000,Uncapped,3.0,Bowlers
59,Ashutosh Sharma,171,8,8,3,181.91,77.19,11.75,3000000,38000000,Uncapped,12.67,Batters
167,Ashwani Kumar,1,3,1,1,16.66,0.0,6.0,3000000,3000000,Uncapped,1.0,Bowlers
140,Avesh Khan,6,7,4,3,100.0,66.67,1.5,20000000,97500000,Capped,4.88,Bowlers
58,Axar Patel,173,14,11,2,131.06,57.8,12.0,10000000,50000000,Capped,5.0,All Rounders
50,Ayush Badoni,215,10,10,0,152.48,67.91,14.1,2000000,2000000,Uncapped,1.0,All Rounders
93,Azmatullah Omarzai,52,3,2,0,192.59,80.77,13.5,15000000,24000000,Capped,1.6,All Rounders
102,Bhuvneshwar Kumar,34,16,4,4,130.76,52.94,6.5,20000000,107500000,Capped,5.38,Bowlers
159,Brijesh Sharma,2,13,2,2,50.0,0.0,2.0,3000000,3000000,Uncapped,1.0,Batters
28,Cameron Green,322,14,14,4,145.7,59.01,15.79,20000000,252000000,Capped,12.6,All Rounders
15,Cooper Connolly,491,14,13,2,163.12,74.13,23.15,20000000,30000000,Capped,1.5,All Rounders
160,Danish Malewar,2,2,2,0,40.0,0.0,2.5,3000000,3000000,Uncapped,1.0,Batters
51,David Miller,211,11,10,4,154.01,68.25,13.7,20000000,20000000,Capped,1.0,Batters
110,Deepak Chahar,25,8,4,2,131.57,72.0,4.75,20000000,92500000,Capped,4.62,Bowlers
17,Devdutt Padikkal,464,16,15,1,168.72,73.28,18.33,20000000,20000000,Capped,1.0,Batters
64,Dewald Brevis,151,11,8,0,127.96,60.93,14.75,2000000,30000000,Capped,15.0,Batters
11,Dhruv Jurel,515,16,16,2,154.65,64.47,20.81,2000000,2000000,Uncapped,1.0,Batters
161,Digvesh Singh,2,10,2,2,40.0,0.0,2.5,3000000,3000000,Uncapped,1.0,Bowlers
30,Donovan Ferreira,317,15,13,4,179.09,75.08,13.62,7500000,7500000,Capped,1.0,All Rounders
137,Eshan Malinga,7,15,3,2,41.17,0.0,5.67,3000000,12000000,Uncapped,4.0,Bowlers
25,Finn Allen,349,11,11,1,214.11,85.96,14.82,20000000,20000000,Capped,1.0,Batters
83,Glenn Phillips,67,6,5,1,124.07,41.79,10.8,20000000,20000000,Capped,1.0,All Rounders
53,Hardik Pandya,206,10,10,1,138.25,61.17,14.9,1000000,1000000,Capped,1.0,All Rounders
143,Harpreet Brar,5,2,1,1,166.66,80.0,3.0,3000000,15000000,Uncapped,5.0,All Rounders
130,Harshal Patel,10,5,3,0,111.11,80.0,3.0,20000000,80000000,Capped,4.0,Bowlers
5,Heinrich Klaasen,624,15,15,2,160.0,60.58,26.0,10000000,52500000,Capped,5.25,Batters
75,Himmat Singh,92,6,5,2,133.33,54.35,13.8,3000000,3000000,Uncapped,1.0,Batters
6,Ishan Kishan,602,15,15,0,182.42,71.76,22.0,20000000,112500000,Capped,5.62,Batters
74,Jacob Bethell,96,7,7,0,124.67,68.75,11.0,12500000,26000000,Capped,2.08,All Rounders
66,Jamie Overton,136,10,6,2,158.13,64.71,14.33,15000000,15000000,Capped,1.0,All Rounders
84,Jason Holder,65,11,7,2,125.0,46.15,7.43,20000000,70000000,Capped,3.5,All Rounders
134,Jasprit Bumrah,7,13,2,1,100.0,57.14,3.5,2000000,12000000,Capped,6.0,Bowlers
151,Jaydev Unadkat,4,4,1,1,133.33,0.0,3.0,10000000,10000000,Capped,1.0,Bowlers
72,Jitesh Sharma,116,16,12,3,122.1,62.07,7.92,10000000,110000000,Capped,11.0,Batters
86,Jofra Archer,64,16,10,4,136.17,62.5,4.7,20000000,125000000,Capped,6.25,Bowlers
10,Jos Buttler,526,17,17,3,152.46,68.44,20.29,20000000,157500000,Capped,7.88,Batters
42,Josh Inglis,266,5,5,0,186.01,75.19,28.6,20000000,86000000,Capped,4.3,Batters
7,K L Rahul,593,14,14,1,174.41,69.14,24.29,10000000,52000000,Capped,5.2,Batters
98,Kagiso Rabada,47,17,4,2,123.68,68.09,9.5,20000000,107500000,Capped,5.38,Bowlers
36,Kartik Sharma,295,11,11,2,136.57,65.08,19.64,3000000,142000000,Uncapped,47.33,Batters
128,Kartik Tyagi,11,14,3,0,110.0,90.91,3.33,3000000,3000000,Uncapped,1.0,Bowlers
117,Karun Nair,18,2,2,0,100.0,66.67,9.0,3000000,5000000,Uncapped,1.67,Batters
47,Krunal Pandya,226,16,9,3,145.8,64.6,17.22,20000000,57500000,Capped,2.88,All Rounders
132,Kuldeep Yadav,9,12,4,1,42.85,0.0,5.25,10000000,20000000,Capped,2.0,Bowlers
116,Kumar Kushagra,18,1,1,0,128.57,66.67,14.0,3000000,6500000,Uncapped,2.17,Batters
126,Kyle Jamieson,12,2,1,0,92.3,83.33,13.0,20000000,20000000,Capped,1.0,All Rounders
122,Liam Livingstone,15,2,2,0,60.0,40.0,12.5,20000000,130000000,Capped,6.5,All Rounders
152,Lungisani Ngidi,4,12,3,1,57.14,0.0,2.33,20000000,20000000,Capped,1.0,Bowlers
115,Madhav Tiwari,18,3,1,1,225.0,77.78,8.0,3000000,4000000,Uncapped,1.33,All Rounders
82,Manish Pandey,70,6,2,0,142.85,62.86,24.5,7500000,7500000,Capped,1.0,Batters
95,Marco Jansen,51,13,5,1,113.33,43.14,9.0,12500000,70000000,Capped,5.6,All Rounders
49,Marcus Stoinis,216,13,9,3,180.0,73.15,13.33,20000000,110000000,Capped,5.5,All Rounders
136,Matt Henry,7,3,2,0,70.0,57.14,5.0,20000000,20000000,Capped,1.0,Bowlers
89,Matthew Short,60,3,3,0,117.64,50.0,17.0,15000000,15000000,Capped,1.0,All Rounders
145,Mayank Yadav,5,4,1,0,100.0,80.0,5.0,2000000,2000000,Capped,1.0,Bowlers
9,Mitchell Marsh,563,13,13,0,163.18,74.6,26.54,20000000,34000000,Capped,1.7,All Rounders
109,Mitchell Santner,26,4,2,2,136.84,46.15,9.5,20000000,20000000,Capped,1.0,All Rounders
104,Mohammad Shami,31,13,7,2,140.9,83.87,3.14,20000000,100000000,Capped,5.0,Bowlers
148,Mohammed Siraj,5,17,2,0,31.25,80.0,8.0,10000000,26000000,Capped,2.6,Bowlers
112,Mohd Arshad Khan,23,8,2,1,209.09,69.57,5.5,3000000,13000000,Uncapped,4.33,All Rounders
155,Mukesh Choudhary,2,8,1,1,100.0,0.0,2.0,3000000,3000000,Uncapped,1.0,Bowlers
60,Mukul Choudhary,170,10,10,4,141.66,68.24,12.0,3000000,26000000,Uncapped,8.67,Bowlers
29,Naman Dhir,318,14,14,2,147.22,63.52,15.43,3000000,52500000,Uncapped,17.5,All Rounders
124,Nandre Burger,14,13,3,2,155.55,42.86,3.0,5000000,5000000,Capped,1.0,Bowlers
85,Nehal Wadhera,65,8,6,0,114.03,61.54,9.5,3000000,42000000,Uncapped,14.0,Batters
45,Nicholas Pooran,234,14,14,1,127.86,67.52,13.07,20000000,160000000,Capped,8.0,Batters
88,Nishant Sindhu,63,8,5,0,126.0,63.49,10.0,3000000,3000000,Uncapped,1.0,All Rounders
34,Nitish Kumar Reddy,302,14,13,3,171.59,66.89,13.54,2000000,2000000,Capped,1.0,All Rounders
48,Nitish Rana,225,9,9,0,151.0,74.67,16.56,15000000,42000000,Capped,2.8,All Rounders
129,Noor Ahmad,11,14,4,1,47.82,54.55,5.75,20000000,100000000,Capped,5.0,Bowlers
105,Pat Cummins,30,8,3,0,157.89,73.33,6.33,20000000,205000000,Capped,10.25,All Rounders
38,Pathum Nissanka,278,10,10,0,158.85,73.38,17.5,7500000,40000000,Capped,5.33,Batters
54,Phil Salt,202,6,6,0,168.33,64.36,20.0,20000000,115000000,Capped,5.75,Batters
12,Prabhsimran Singh,510,14,13,1,168.87,70.2,23.23,2000000,6000000,Uncapped,3.0,Batters
154,Praful Hinge,3,7,2,1,33.33,0.0,4.5,3000000,3000000,Uncapped,1.0,Bowlers
76,Prashant Veer,90,6,5,3,134.32,64.44,13.4,3000000,142000000,Uncapped,47.33,All Rounders
141,Prasidh Krishna,6,12,1,1,85.71,66.67,7.0,20000000,95000000,Capped,4.75,Bowlers
23,Priyansh Arya,364,13,13,0,211.62,82.42,13.23,3000000,38000000,Uncapped,12.67,Batters
68,Quinton De Kock,132,3,3,1,162.96,68.18,27.0,10000000,10000000,Capped,1.0,Batters
56,Rahul Tewatia,190,16,15,8,143.93,67.37,8.8,4000000,90000000,Uncapped,22.5,All Rounders
119,Raj Angad Bawa,16,3,1,0,114.28,25.0,14.0,3000000,3000000,Uncapped,1.0,All Rounders
13,Rajat Patidar,501,15,14,2,192.69,74.25,18.57,2000000,2000000,Capped,1.0,Batters
78,Ramandeep Singh,82,8,6,1,120.58,53.66,11.33,2000000,2000000,Uncapped,1.0,All Rounders
97,Rashid Khan,50,17,6,2,121.95,56.0,6.83,20000000,90000000,Capped,4.5,All Rounders
153,Rasikh Dar,3,12,2,2,150.0,0.0,1.0,3000000,60000000,Uncapped,20.0,Bowlers
150,Ravi Singh,4,1,1,0,200.0,100.0,2.0,3000000,9500000,Uncapped,3.17,Bowlers
35,Rinku Singh,295,14,11,6,148.98,58.98,18.0,2000000,5500000,Capped,2.75,Batters
31,Rishabh Pant,312,14,13,2,138.05,59.62,17.38,20000000,270000000,Capped,13.5,Batters
32,Riyan Parag,309,14,14,1,157.65,71.84,14.0,3000000,38000000,Capped,12.67,All Rounders
138,Robin Minz,6,2,2,1,150.0,66.67,2.0,3000000,6500000,Uncapped,2.17,Batters
77,Romario Shepherd,83,15,7,3,125.75,65.06,9.43,15000000,15000000,Capped,1.0,All Rounders
57,Rovman Powell,190,11,7,2,134.75,65.26,20.14,15000000,15000000,Capped,1.0,Batters
26,Ruturaj Gaikwad,337,14,14,2,123.44,55.79,19.5,2000000,2000000,Capped,1.0,Batters
18,Ryan Rickelton,448,12,12,1,186.66,78.57,20.0,10000000,10000000,Capped,1.0,Batters
99,Sahil Parakh,46,4,4,0,139.39,69.57,8.25,3000000,3000000,Uncapped,1.0,Batters
3,Sai Sudharsan,722,17,17,1,157.98,66.48,26.88,2000000,2000000,Capped,1.0,Batters
147,Sakib Hussain,5,11,1,1,71.42,80.0,7.0,3000000,3000000,Uncapped,1.0,Bowlers
63,Salil Arora,156,14,11,4,159.18,70.51,8.91,3000000,15000000,Uncapped,5.0,Batters
44,Sameer Rizvi,252,11,9,2,147.36,64.29,19.0,3000000,9500000,Uncapped,3.17,Batters
16,Sanju Samson,477,14,14,3,165.62,74.63,20.57,10000000,80000000,Capped,8.0,Batters
61,Sarfaraz Khan,161,8,7,0,169.47,79.5,13.57,7500000,7500000,Capped,1.0,Batters
149,Saurabh Dubey,4,4,1,1,200.0,100.0,2.0,2000000,2000000,Uncapped,1.0,Bowlers
91,Shahbaz Ahamad,58,5,2,2,141.46,58.62,20.5,10000000,24000000,Capped,2.4,All Rounders
100,Shahrukh Khan,43,9,5,1,130.3,55.81,6.6,4000000,74000000,Uncapped,18.5,All Rounders
111,Shardul Thakur,24,9,3,1,80.0,33.33,10.0,20000000,40000000,Capped,2.0,All Rounders
67,Shashank Singh,132,12,9,3,188.57,69.7,7.78,2000000,2000000,Uncapped,1.0,All Rounders
70,Sherfane Rutherford,123,8,7,2,164.0,74.8,10.71,15000000,26000000,Capped,1.73,All Rounders
81,Shimron Hetmyer,78,8,7,1,113.04,48.72,9.86,15000000,85000000,Capped,5.67,Batters
40,Shivam Dube,270,13,12,5,158.82,68.89,14.17,5000000,40000000,Capped,8.0,All Rounders
92,Shivang Kumar,53,13,6,0,115.21,56.6,7.67,3000000,3000000,Uncapped,1.0,Bowlers
14,Shreyas Iyer,498,14,13,4,168.81,67.47,22.69,20000000,267500000,Capped,13.38,Batters
79,Shubham Dubey,81,7,6,2,139.65,61.73,9.67,3000000,8000000,Uncapped,2.67,Batters
2,Shubman Gill,732,16,16,0,163.02,67.49,28.06,2000000,18000000,Capped,9.0,Batters
62,Suryansh Shedge,158,7,7,3,175.55,68.35,12.86,3000000,3000000,Uncapped,1.0,All Rounders
165,Sushant Mishra,1,2,1,1,33.33,0.0,3.0,3000000,9000000,Uncapped,3.0,Bowlers
163,T Natarajan,1,10,1,1,50.0,0.0,2.0,20000000,107500000,Capped,5.38,Bowlers
127,Tejasvi Singh,12,2,2,0,80.0,66.67,7.5,3000000,30000000,Uncapped,10.0,Bowlers
24,Tilak Varma,359,14,14,2,145.93,61.84,17.57,2000000,17000000,Capped,8.5,Batters
33,Tim David,305,16,15,6,188.27,74.1,10.8,20000000,30000000,Capped,1.5,Batters
113,Tim Seifert,19,3,3,0,105.55,73.68,6.0,15000000,15000000,Capped,1.0,Batters
21,Travis Head,410,15,15,0,170.12,78.54,16.07,20000000,68000000,Capped,3.4,Batters
133,Trent Boult,8,5,2,1,200.0,75.0,2.0,20000000,125000000,Capped,6.25,Bowlers
39,Tristan Stubbs,275,14,13,5,127.31,45.82,16.62,5000000,5000000,Capped,1.0,Batters
108,Tushar Deshpande,26,7,2,0,185.71,69.23,7.0,10000000,65000000,Capped,6.5,Bowlers
69,Urvil Patel,129,7,7,0,201.56,83.72,9.14,2000000,2000000,Uncapped,1.0,Batters
164,Vaibhav Arora,1,11,2,2,33.33,0.0,1.5,3000000,18000000,Uncapped,6.0,Bowlers
146,Varun Chakaravarthy,5,11,2,0,83.33,80.0,3.0,3000000,40000000,Capped,13.33,Bowlers
52,Venkatesh Iyer,209,7,6,2,186.6,77.51,18.67,20000000,70000000,Capped,3.5,All Rounders
121,Vipraj Nigam,15,5,2,1,150.0,53.33,5.0,3000000,5000000,Uncapped,1.67,All Rounders
120,Vishnu Vinod,15,1,1,1,187.5,66.67,8.0,3000000,9500000,Uncapped,3.17,Batters
158,Vyshak Vijaykumar,2,10,2,2,50.0,0.0,2.0,3000000,18000000,Uncapped,6.0,Bowlers
22,Washington Sundar,377,17,16,6,150.19,61.54,15.69,20000000,32000000,Capped,1.6,All Rounders
65,Will Jacks,139,7,7,2,182.89,73.38,10.86,20000000,52500000,Capped,2.62,All Rounders
106,Xavier Bartlett,29,9,3,2,223.07,68.97,4.33,7500000,8000000,Capped,1.07,Bowlers
19,Yashasvi Jaiswal,427,16,16,2,152.5,74.0,17.5,2000000,24000000,Capped,12.0,Batters
1,Vaibhav Sooryavanshi,776,16,16,0,237.3,88.14,20.44,3000000,11000000,Uncapped,3.67,Batters
4,Virat Kohli,675,16,16,4,165.84,65.48,25.44,20000000,210000000,Capped,10.5,Batters
37,Rohit Sharma,283,9,9,1,157.22,74.2,20.0,20000000,163000000,Capped,8.15,Batters
43,Ravindra Jadeja,266,14,11,7,135.02,47.37,17.91,20000000,180000000,Capped,9.0,All Rounders
101,Sunil Narine,40,13,4,1,125.0,80.0,8.0,20000000,120000000,Capped,6.0,All Rounders
