pos,player,wkts,mat,inns,ov,runs,avg,econ,sr,base_price,final_price,role,final_price_rate
75,Abhinandan Singh,3,3,3,9.4,122,40.66,12.62,19.33,3000000,3000000,Uncapped,1.0
72,Akash Singh,4,2,2,7.0,80,20.0,11.42,10.5,3000000,3000000,Uncapped,1.0
44,Akeal Hosein,8,7,7,24.4,198,24.75,8.02,18.5,20000000,20000000,Capped,1.0
5,Anshul Kamboj,21,14,14,50.2,530,25.23,10.52,14.38,3000000,34000000,Uncapped,11.33
39,Anukul Roy,9,14,12,27.1,261,29.0,9.6,18.11,3000000,4000000,Uncapped,1.33
96,Arjun Tendulkar,1,1,1,4.0,36,36.0,9.0,24.0,3000000,3000000,Uncapped,1.0
21,Arshdeep Singh,14,14,14,53.0,541,38.64,10.2,22.71,20000000,180000000,Capped,9.0
55,Ashok Sharma,6,6,6,21.0,228,38.0,10.85,21.0,3000000,9000000,Uncapped,3.0
54,Ashwani Kumar,6,3,3,10.0,102,17.0,10.2,10.0,3000000,3000000,Uncapped,1.0
56,Avesh Khan,6,7,7,24.4,273,45.5,11.06,24.66,20000000,97500000,Capped,4.88
30,Axar Patel,11,14,13,44.0,360,32.72,8.18,24.0,10000000,50000000,Capped,5.0
74,Azmatullah Omarzai,3,3,3,11.0,103,34.33,9.36,22.0,15000000,24000000,Capped,1.6
101,Ben Dwarshuis,1,1,1,4.0,51,51.0,12.75,24.0,10000000,44000000,Capped,4.4
2,Bhuvneshwar Kumar,28,16,16,63.0,501,17.89,7.95,13.5,20000000,107500000,Capped,5.38
19,Brijesh Sharma,14,13,13,45.3,450,32.14,9.89,19.5,3000000,3000000,Uncapped,1.0
50,Cameron Green,7,14,10,22.0,234,33.42,10.63,18.85,20000000,252000000,Capped,12.6
48,Deepak Chahar,8,8,8,25.3,265,33.12,10.39,19.12,20000000,92500000,Capped,4.62
60,Digvesh Singh,5,10,10,39.0,397,79.4,10.17,46.8,3000000,3000000,Uncapped,1.0
95,Dilshan Madushanka,1,1,1,4.0,36,36.0,9.0,24.0,5000000,46000000,Uncapped,9.2
104,Donovan Ferreira,1,15,3,3.0,41,41.0,13.66,18.0,7500000,7500000,Capped,1.0
6,Eshan Malinga,20,15,15,54.2,507,25.35,9.33,16.3,3000000,12000000,Uncapped,4.0
68,Gurjapneet Singh,4,8,8,25.1,233,58.25,9.25,37.75,3000000,22000000,Uncapped,7.33
71,Hardik Pandya,4,10,9,22.4,259,64.75,11.42,34.0,1000000,1000000,Capped,1.0
76,Harpreet Brar,2,2,2,8.0,60,30.0,7.5,24.0,3000000,15000000,Uncapped,5.0
43,Jacob Duffy,9,6,6,24.0,263,29.22,10.95,16.0,20000000,20000000,Capped,1.0
18,Jamie Overton,14,10,10,28.0,249,17.78,8.89,12.0,15000000,15000000,Capped,1.0
10,Jason Holder,17,11,11,38.2,290,17.05,7.56,13.52,20000000,70000000,Capped,3.5
65,Jasprit Bumrah,4,13,13,49.0,410,102.5,8.36,73.5,2000000,12000000,Capped,6.0
70,Jaydev Unadkat,4,4,4,12.5,140,35.0,10.9,19.25,10000000,10000000,Capped,1.0
3,Jofra Archer,25,16,16,60.0,559,22.36,9.31,14.4,20000000,125000000,Capped,6.25
15,Josh Hazlewood,15,13,13,51.3,494,32.93,9.59,20.6,20000000,125000000,Capped,6.25
1,Kagiso Rabada,29,17,17,64.4,626,21.58,9.68,13.37,20000000,107500000,Capped,5.38
9,Kartik Tyagi,18,14,13,51.0,498,27.66,9.76,17.0,3000000,3000000,Uncapped,1.0
77,Khaleel Ahmed,2,5,5,16.5,146,73.0,8.67,50.5,20000000,48000000,Capped,2.4
17,Krunal Pandya,14,16,15,50.3,425,30.35,8.41,21.64,20000000,57500000,Capped,2.88
36,Kuldeep Yadav,10,12,11,37.0,381,38.1,10.29,22.2,10000000,20000000,Capped,2.0
87,Kyle Jamieson,2,2,2,7.0,90,45.0,12.85,21.0,20000000,20000000,Capped,1.0
103,Lockie Ferguson,1,3,3,11.0,141,141.0,12.81,66.0,20000000,20000000,Capped,1.0
23,Lungisani Ngidi,13,12,11,41.2,340,26.15,8.22,19.07,20000000,20000000,Capped,1.0
52,M Siddharth,6,4,4,15.0,145,24.16,9.66,15.0,3000000,7500000,Uncapped,2.5
66,Madhav Tiwari,4,3,3,10.0,87,21.75,8.7,15.0,3000000,4000000,Uncapped,1.33
82,Manav Suthar,2,4,3,6.0,68,34.0,11.33,18.0,3000000,3000000,Uncapped,1.0
41,Marco Jansen,9,13,12,47.2,483,53.66,10.2,31.55,12500000,70000000,Capped,5.6
85,Marcus Stoinis,2,13,4,7.5,98,49.0,12.51,23.5,20000000,110000000,Capped,5.5
88,Matt Henry,2,3,3,10.0,130,65.0,13.0,30.0,20000000,20000000,Capped,1.0
59,Mitchell Santner,5,4,4,14.0,125,25.0,8.92,16.8,20000000,20000000,Capped,1.0
33,Mitchell Starc,11,6,6,22.0,224,20.36,10.18,12.0,20000000,117500000,Capped,5.88
25,Mohammad Shami,12,13,13,51.0,459,38.25,9.0,25.5,20000000,100000000,Capped,5.0
7,Mohammed Siraj,19,17,17,62.0,562,29.57,9.06,19.57,10000000,26000000,Capped,2.6
53,Mohd Arshad Khan,6,8,6,17.2,172,28.66,9.92,17.33,3000000,13000000,Uncapped,4.33
29,Mohsin Khan,11,7,7,28.0,228,20.72,8.14,15.27,2000000,2000000,Uncapped,1.0
45,Mukesh Choudhary,8,8,8,28.0,249,31.12,8.89,21.0,3000000,3000000,Uncapped,1.0
57,Mukesh Kumar,6,10,10,31.2,353,58.83,11.26,31.33,20000000,80000000,Capped,4.0
20,Nandre Burger,14,13,13,43.3,440,31.42,10.11,18.64,5000000,5000000,Capped,1.0
49,Nitish Kumar Reddy,8,14,14,31.0,323,40.37,10.41,23.25,2000000,2000000,Capped,1.0
24,Noor Ahmad,13,14,14,51.0,428,32.92,8.39,23.53,20000000,100000000,Capped,5.0
46,Pat Cummins,8,8,8,32.0,307,38.37,9.59,24.0,20000000,205000000,Capped,10.25
22,Praful Hinge,14,7,7,26.0,305,21.78,11.73,11.14,3000000,3000000,Uncapped,1.0
12,Prasidh Krishna,16,12,12,39.0,407,25.43,10.43,14.62,20000000,95000000,Capped,4.75
11,Prince Yadav,16,14,14,52.0,459,28.68,8.82,19.5,3000000,3000000,Uncapped,1.0
84,Raj Angad Bawa,2,3,2,4.0,50,25.0,12.5,12.0,3000000,3000000,Uncapped,1.0
92,Ramakrishna Ghosh,1,1,1,3.0,24,24.0,8.0,18.0,3000000,3000000,Uncapped,1.0
100,Ramandeep Singh,1,8,2,2.4,31,31.0,11.62,16.0,2000000,2000000,Uncapped,1.0
4,Rashid Khan,21,17,17,56.5,516,24.57,9.07,16.23,20000000,90000000,Capped,4.5
8,Rasikh Dar,19,12,12,42.5,405,21.31,9.45,13.52,3000000,60000000,Uncapped,20.0
32,Ravi Bishnoi,11,9,9,26.0,257,23.36,9.88,14.18,20000000,72000000,Capped,3.6
78,Riyan Parag,2,14,4,4.0,38,19.0,9.5,12.0,3000000,38000000,Capped,12.67
51,Romario Shepherd,7,15,13,25.0,298,42.57,11.92,21.42,15000000,15000000,Capped,1.0
99,Sai Kishore,1,3,2,4.0,46,46.0,11.5,24.0,7500000,20000000,Capped,2.67
14,Sakib Hussain,15,11,11,42.0,397,26.46,9.45,16.8,3000000,3000000,Uncapped,1.0
62,Sandeep Sharma,5,6,6,19.4,224,44.8,11.38,23.6,5000000,5000000,Uncapped,1.0
58,Saurabh Dubey,5,4,4,12.5,106,21.2,8.25,15.4,2000000,2000000,Uncapped,1.0
64,Shahbaz Ahamad,5,5,5,11.1,130,26.0,11.64,13.4,10000000,24000000,Capped,2.4
28,Shardul Thakur,12,9,7,22.0,270,22.5,12.27,11.0,20000000,40000000,Capped,2.0
67,Shashank Singh,4,12,4,10.0,88,22.0,8.8,15.0,2000000,2000000,Uncapped,1.0
102,Shivam Dube,1,13,4,5.0,64,64.0,12.8,30.0,5000000,40000000,Capped,8.0
40,Shivang Kumar,9,13,13,39.0,375,41.66,9.61,26.0,3000000,3000000,Uncapped,1.0
79,Spencer Johnson,2,3,3,11.0,112,56.0,10.18,33.0,20000000,28000000,Capped,1.4
80,Sushant Mishra,2,2,2,6.2,67,33.5,10.57,19.0,3000000,9000000,Uncapped,3.0
37,Suyash Sharma,9,12,12,40.5,376,41.77,9.2,27.22,3000000,26000000,Uncapped,8.67
61,T Natarajan,5,10,10,31.5,356,71.2,11.18,38.2,20000000,107500000,Capped,5.38
91,Travis Head,1,15,1,1.0,7,7.0,7.0,6.0,20000000,68000000,Capped,3.4
83,Trent Boult,2,5,5,16.1,188,94.0,11.62,48.5,20000000,125000000,Capped,6.25
73,Tushar Deshpande,4,7,7,23.0,275,68.75,11.95,34.5,10000000,65000000,Capped,6.5
34,Vaibhav Arora,11,11,10,38.0,390,35.45,10.26,20.72,3000000,18000000,Uncapped,6.0
31,Varun Chakaravarthy,11,11,11,41.0,360,32.72,8.78,22.36,3000000,40000000,Capped,13.33
86,Vipraj Nigam,2,5,5,9.0,113,56.5,12.55,27.0,3000000,5000000,Uncapped,1.67
42,Vyshak Vijaykumar,9,10,9,31.0,330,36.66,10.64,20.66,3000000,18000000,Uncapped,6.0
97,Washington Sundar,1,17,5,9.1,84,84.0,9.16,55.0,20000000,32000000,Capped,1.6
81,Will Jacks,2,7,6,8.5,94,47.0,10.64,26.5,20000000,52500000,Capped,2.62
63,Xavier Bartlett,5,9,9,33.3,388,77.6,11.58,40.2,7500000,8000000,Capped,1.07
38,Yash Raj Punja,9,8,8,30.0,279,31.0,9.3,20.0,3000000,3000000,Uncapped,1.0
89,Yash Thakur,2,1,1,4.0,55,27.5,13.75,12.0,3000000,16000000,Uncapped,5.33
26,Yuzvendra Chahal,12,14,12,41.0,385,32.08,9.39,20.5,20000000,180000000,Capped,9.0
35,Ravindra Jadeja,10,14,12,33.0,277,27.7,8.39,19.8,20000000,180000000,Capped,9.0
13,Sunil Narine,15,13,13,51.0,339,22.6,6.64,20.4,20000000,120000000,Capped,6.0
