company,listing_date,final_price,price_change,retail_subscription ,days_since_listing,ret_1w,ret_1m,ret_3m,ret_6m,ret_1y,volatility,max_drawdown,gain_bucket
Prince Pipes & Fittings Ltd.,2019-12-30,178,-6.24,1.63,2390,-15.617977528089893,-0.0842696629213515,-44.325842696629216,-35.0,58.511235955056165,3.8722153645224293,-60.22070415133999,low
Ujjivan Small Finance Bank Ltd.,2019-12-12,37,51.22,45.29,2408,59.72972972972973,41.08108108108109,11.621621621621614,-18.783783783783782,5.0000000000000036,3.1289909121629695,-59.22165820642979,high
CSB Bank Ltd.,2019-12-04,195,53.87,40.98,2416,23.43589743589743,6.692307692307699,-10.435897435897433,-34.820512820512825,15.282051282051286,2.7894319491167328,-66.77220463256126,high
Vishwaraj Sugar Industries Ltd.,2019-10-15,60,0.58,0.59,2466,-79.85,-77.86666666666666,-69.95,-78.33333333333333,-63.28333333333334,4.910540696245038,-37.52620545073375,low
Indian Railway Catering & Tourism Corp.Ltd.,2019-10-14,320,127.42,13.28,2467,-51.303124999999994,-41.746875,-42.671875,-21.631249999999998,-16.468749999999996,2.356747747113436,-58.22638899561976,high
Sterling & Wilson Solar Ltd.,2019-08-20,780,-6.9,0.93,2522,-17.97435897435898,-23.820512820512814,-58.89743589743589,-64.77564102564102,-68.21794871794872,4.304331953651448,-89.89947672817405,low
Spandana Sphoorty Financial Ltd.,2019-08-19,856,-0.96,0.09,2523,-3.6331775700934608,-0.6366822429906595,52.76285046728974,17.318925233644862,-32.59345794392524,2.4419421678576407,-69.72359038447401,low
Affle (India) Ltd.,2019-08-08,745,17.27,10.23,2534,-77.57986577181208,-77.38255033557047,-63.14093959731544,-51.76644295302014,-50.54496644295302,3.8425689938656604,-58.27327029469461,medium
IndiaMART InterMESH Ltd.,2019-07-04,973,33.81,13.15,2569,-31.908530318602264,-36.8191161356629,-8.090441932168552,6.163412127440907,7.906474820143891,3.5196935965675107,-53.3822265205244,medium
Neogen Chemicals Ltd.,2019-05-08,215,22.58,15.38,2626,17.790697674418603,42.511627906976734,55.906976744186046,81.13953488372093,108.48837209302327,3.4250957904417625,-39.83034872761546,medium
Polycab India Ltd.,2019-04-16,538,21.71,4.36,2648,17.86245353159852,11.403345724907068,14.405204460966543,23.7639405204461,37.0817843866171,1.3937683810136356,-50.17834887618721,medium
Metropolis Healthcare Ltd.,2019-04-15,880,9.07,2.05,2649,-73.13863636363637,-73.5340909090909,-69.6534090909091,-63.51704545454546,-62.00113636363637,1.620285597625865,-42.05220883534137,low
Rail Vikas Nigam Ltd.,2019-04-11,19,0.26,2.64,2653,37.63157894736842,19.47368421052631,37.89473684210526,20.526315789473674,-3.42105263157894,4.221371321591993,-62.06896551724138,low
MSTC Ltd.,2019-03-29,120,-5.04,2.65,2666,-11.833333333333336,-11.833333333333336,-27.83333333333334,-16.16666666666667,-36.541666666666664,1.7732806499092295,-64.39092822071545,low
Chalet Hotels Ltd.,2019-02-07,280,4.18,0.02,2716,2.267857142857151,1.1428571428571388,17.696428571428577,12.178571428571438,21.625000000000007,2.1075797897446567,-17.571244450809097,low
Xelpmoc Design & Tech Ltd.,2019-02-04,66,-9.32,2.31,2719,15.45454545454546,10.3030303030303,5.98484848484849,-3.4090909090909087,-3.7121212121212164,3.8521096013836313,-40.49676025917926,low
Mrs.Bectors Food Specialities Ltd.,2020-12-24,288,106.32,25.44,2030,-64.28125,-72.46180555555556,-75.86111111111111,-71.68402777777777,-73.71527777777777,2.4055841917407688,-44.227532817233254,high
Burger King India Ltd.,2020-12-14,60,125.0,56.92,2040,163.83333333333334,141.58333333333331,135.08333333333334,168.25,160.0,4.934420477846959,-34.87654320987655,high
Gland Pharma Ltd.,2020-11-20,1500,21.3,0.19,2064,40.86666666666667,48.43333333333334,63.45666666666666,122.7633333333333,127.89666666666666,3.1737766594359886,-20.800463365189696,medium
Equitas Small Finance Bank Ltd.,2020-11-02,33,-0.61,1.53,2082,-1.0606060606060648,4.242424242424238,19.545454545454554,68.18181818181817,90.15151515151516,2.803173231124245,-19.68503937007874,low
Likhitha Infrastructure Ltd.,2020-10-15,120,13.75,19.48,2100,-43.724999999999994,-33.233333333333334,-18.65,55.433333333333344,57.750000000000014,3.2810259702093316,-31.042674498963375,medium
UTI Asset Management Co.Ltd.,2020-10-12,554,-14.04,1.97,2103,-10.442238267148019,-10.658844765342963,-0.6046931407942279,5.812274368231055,95.38808664259929,1.4872862535950049,-13.70728238591207,low
Mazagon Dock Shipbuilders Ltd.,2020-10-12,145,18.59,32.15,2103,-41.96551724137931,-39.84827586206897,-23.55172413793104,-27.103448275862068,-7.082758620689662,3.339540534252293,-18.759124087591243,medium
Angel Broking Ltd.,2020-10-05,306,-9.87,3.36,2110,-91.19607843137256,-89.87908496732025,-88.99673202614379,-90.37581699346406,-55.169934640522875,4.185009935424239,-23.92331932773109,low
Computer Age Management Services Ltd.,2020-10-01,1230,13.95,4.85,2114,-78.29430894308943,-78.9130081300813,-70.79105691056911,-70.49349593495936,-51.453658536585365,1.9394617205977163,-24.614627125705415,medium
Chemcon Speciality Chemicals Ltd.,2020-10-01,340,72.0,35.79,2114,49.13235294117647,21.05882352941177,28.20588235294117,19.13235294117647,27.632352941176467,2.955290051424235,-31.745896032831737,high
Route Mobile Ltd.,2020-09-21,350,86.09,11.54,2124,162.75714285714284,115.05714285714288,231.04285714285714,347.3285714285715,457.0428571428572,4.704383830986778,-26.655047733007315,high
Happiest Minds Technologies Ltd.,2020-09-17,166,123.46,60.3,2128,103.19277108433735,96.05421686746988,95.0,238.85542168674698,797.5301204819278,2.2858513870136172,-16.754279552500332,high
Rossari Biotech Ltd.,2020-07-23,425,74.51,6.2,2184,60.894117647058806,87.2470588235294,85.94117647058823,101.95294117647057,192.88235294117646,2.7942712677464723,-15.20718720032302,high
SBI Cards & Payment Services Ltd.,2020-03-16,755,-9.75,2.17,2313,-22.860927152317885,-33.158940397350996,-21.794701986754962,12.503311258278144,35.37748344370861,4.4951217357748225,-31.762210972773293,low
CMS Info Systems Ltd.,2021-12-31,216,10.28,1.26,1658,27.384259259259245,21.967592592592588,22.66203703703703,5.27777777777778,44.69907407407408,3.274585352622587,-30.555555555555554,medium
Supriya Lifescience Ltd.,2021-12-28,274,42.65,49.31,1661,74.50729927007298,75.41970802919707,71.62408759124088,20.693430656934304,-14.945255474452551,5.013396630518397,-60.84516920918814,medium
HP Adhesives Ltd.,2021-12-27,274,20.71,47.27,1662,-69.20072992700732,-70.91605839416059,-72.36861313868614,-73.92700729927007,-72.8138686131387,3.4235621542157175,-29.074889867841406,medium
Data Patterns (India) Ltd.,2021-12-24,585,29.06,20.21,1665,29.89743589743589,29.700854700854702,16.495726495726494,9.410256410256403,73.47863247863248,3.69573441189919,-30.469945355191253,medium
Medplus Health Services Ltd.,2021-12-23,796,40.85,4.17,1666,29.503768844221096,53.97613065326634,21.62060301507538,-6.407035175879397,-20.257537688442213,3.596824263717,-55.32558139534884,medium
Metro Brands Ltd.,2021-12-22,500,-1.33,0.63,1667,-9.210000000000003,20.349999999999998,14.020000000000005,7.359999999999991,66.67999999999999,3.191040976722009,-18.80243889728491,low
C.E.Info systems Ltd.,2021-12-21,1033,34.91,13.18,1668,56.55372700871249,66.35527589545015,52.67666989351405,21.374636979670857,7.971926427879953,4.0828366974753765,-39.87493598555296,medium
Shriram Properties Ltd.,2021-12-20,118,-15.59,8.05,1669,-32.20338983050847,-5.508474576271186,-33.38983050847458,-46.69491525423729,-32.96610169491526,3.889339819733334,-45.69506726457399,low
Rategain Travel Technologies Ltd.,2021-12-17,425,-19.99,5.46,1672,-12.541176470588239,11.988235294117644,-21.3764705882353,-35.31764705882354,-30.541176470588237,4.7045270931173,-53.746118012422365,low
Anand Rathi Wealth Ltd.,2021-12-14,550,6.1,5.62,1675,-73.88,-71.82181818181817,-74.16181818181819,-70.20363636363636,-68.65454545454546,1.8958859981211602,-13.816817755548607,low
Tega Industries Ltd.,2021-12-13,453,60.28,25.84,1676,25.596026490066237,31.93156732891832,1.0154525386313515,3.4547461368653374,37.51655629139074,3.3076990187305935,-44.92803525927966,high
Star Health & Allied Insurance Co.Ltd.,2021-12-10,900,0.76,0.59,1679,-8.961111111111109,-14.78333333333333,-29.344444444444445,-22.127777777777773,-33.12222222222223,2.511058761879783,-47.7366708937531,low
Go Fashion (India) Ltd.,2021-11-30,690,81.7,42.26,1689,75.06521739130434,52.49275362318841,31.021739130434778,48.898550724637694,77.18840579710144,3.4808177031091048,-33.186129564916854,high
Tarsons Products Ltd.,2021-11-26,662,23.63,8.89,1693,0.015105740181272316,-4.070996978851971,-7.711480362537758,-1.6540785498489494,4.607250755287009,3.0774527738022748,-27.315493646138805,medium
Latent View Analytics Ltd.,2021-11-23,197,148.1,106.09,1696,233.22335025380713,152.38578680203045,129.49238578680203,106.59898477157361,89.87309644670052,4.865385900387225,-55.905399629576856,high
One 97 Communications Ltd.,2021-11-18,2150,-27.4,1.27,1701,-16.33720930232558,-38.55813953488372,-59.93720930232559,-72.75813953488371,-74.55813953488372,4.136166016270546,-71.31897150799166,low
Sapphire Foods India Ltd.,2021-11-18,1180,2.67,6.65,1701,-79.76610169491526,-79.26101694915253,-75.30508474576271,-81.18813559322034,-77.2457627118644,3.2896375248367167,-37.00242882202132,low
S.J.S.Enterprises Ltd.,2021-11-15,542,-5.87,0.77,1704,-18.791512915129154,-26.669741697416978,-29.326568265682656,-30.67343173431734,-11.651291512915126,3.619909193310517,-33.87049800990194,low
Sigachi Industries Ltd.,2021-11-15,163,267.18,68.94,1704,-66.94478527607363,-74.92638036809815,-79.11042944785277,-83.47239263803681,-82.92638036809818,3.305018424246,-62.47612985359644,high
PB Fintech Ltd.,2021-11-15,980,22.68,2.65,1704,26.280612244897956,14.239795918367342,-20.52040816326531,-34.16326530612244,-60.38265306122449,4.787027368820118,-74.17728512724888,medium
Fino Payments Bank Ltd.,2021-11-12,577,-5.74,3.78,1707,-22.045060658578855,-30.563258232235707,-35.03466204506066,-53.59618717504333,-66.28249566724436,3.5384745115794147,-65.10387938959367,low
FSN E-Commerce Ventures Ltd.,2021-11-10,1125,96.07,10.28,1709,-68.54755555555556,-68.66933333333333,-72.416,-78.60000000000001,-83.26666666666667,3.4411657342672375,-60.54822872545245,high
Aditya Birla Sun Life AMC Ltd.,2021-10-11,712,-1.76,2.36,1739,-3.939606741573028,-12.07865168539326,-23.848314606741567,-25.653089887640444,-38.13202247191011,1.5401512342441688,-42.805061119451,low
Paras Defence & Space Technologies Ltd.,2021-10-01,175,181.4,100.8,1749,259.0857142857143,429.8857142857143,324.2857142857143,261.0857142857143,298.74285714285713,5.5376666273633965,-55.09471751648169,high
Sansera Engineering Ltd.,2021-09-24,744,10.02,2.34,1756,8.931451612903233,0.34946236559140087,1.5658602150537604,-21.337365591397848,-5.1209677419354875,2.4714547635018462,-33.80157517338663,medium
Vijaya Diagnostic Centre Ltd.,2021-09-14,531,16.78,0.7,1766,8.36158192090395,5.913370998116756,7.382297551789085,-20.593220338983055,-23.813559322033896,1.891327177228509,-53.35765856688145,medium
Aptus Value Housing Finance India Ltd.,2021-08-24,353,-1.73,1.04,1787,4.660056657223793,-4.0651558073654455,-2.5637393767705414,0.6373937677053824,-4.461756373937677,2.2038158631605653,-42.36680327868852,low
Chemplast Sanmar Ltd.,2021-08-24,541,-1.0,1.64,1787,6.4972273567467616,11.31238447319779,7.199630314232911,-3.299445471349357,-22.00554528650647,3.5718907371550923,-51.177570093457945,low
Nuvoco Vistas Corp.Ltd.,2021-08-23,570,-6.72,0.53,1788,-4.771929824561411,-4.385964912280701,-9.745614035087712,-32.82456140350878,-40.921052631578945,1.6620937584833881,-53.33098343320408,low
CarTrade Tech Ltd.,2021-08-20,1618,-7.23,2.3,1791,-11.28553770086526,-10.30593325092707,-35.163782447466005,-60.92398022249691,-60.831273176761435,2.2548839532205744,-69.75250031649574,low
Krsnaa Diagnostics Ltd.,2021-08-16,954,3.46,37.15,1795,-7.2589098532494765,-9.889937106918241,-27.730607966457015,-32.63102725366876,-51.26834381551363,2.16952019120588,-53.29280648429585,low
Devyani International Ltd.,2021-08-16,90,37.22,34.0,1795,27.44444444444445,34.27777777777777,78.3888888888889,97.16666666666666,125.94444444444444,2.9817450546249,-25.24856096284668,medium
Exxaro Tiles Ltd.,2021-08-16,120,10.25,32.2,1795,-89.83333333333333,-86.44999999999999,-87.8,-89.39166666666665,-91.03333333333333,2.6785751499412145,-37.51537515375154,medium
Windlas Biotech Ltd.,2021-08-16,460,-11.49,20.59,1795,-25.793478260869563,-15.85869565217391,-34.45652173913044,-36.94565217391304,-53.51086956521739,2.2890243967778323,-49.63772565393589,low
Rolex Rings Ltd.,2021-08-09,900,29.67,21.67,1802,-87.71555555555555,-87.85666666666667,-86.85,-85.47666666666667,-79.95777777777778,1.8279053069078268,-15.191959136595814,medium
Glenmark Life Sciences Ltd.,2021-08-06,720,3.96,12.98,1805,5.243055555555555,-6.395833333333327,-12.395833333333334,-20.80555555555555,-37.604166666666664,1.62083417025134,-45.53653117239577,low
Tatva Chintan Pharma Chem Ltd.,2021-07-29,1083,113.5,31.37,1813,96.82825484764544,92.54385964912281,144.63988919667588,122.45614035087718,113.96121883656507,2.7886756509973742,-28.457756389096406,high
Zomato Ltd.,2021-07-23,76,65.59,6.34,1819,75.6578947368421,83.28947368421055,81.7763157894737,69.99999999999999,-29.407894736842106,3.6476104032171657,-67.59201497192764,high
G R Infraprojects Ltd.,2021-07-19,837,108.73,11.11,1823,103.91875746714456,91.22461170848267,138.84707287933097,133.08243727598568,49.056152927120664,2.5427809268253734,-49.365299976835765,high
Clean Science & Technology Ltd.,2021-07-19,900,76.14,8.09,1823,83.61111111111111,71.6277777777778,138.52777777777777,182.5111111111111,87.85000000000001,3.1785933386467145,-45.26363243608768,high
India Pesticides Ltd.,2021-07-05,296,15.93,9.66,1837,14.84797297297297,12.179054054054058,4.256756756756765,6.081081081081082,-15.371621621621623,1.6643745191553805,-41.79737176769818,medium
Dodla Dairy Ltd.,2021-06-28,428,42.5,9.7,1844,35.39719626168225,42.827102803738306,40.0233644859813,27.418224299065425,12.68691588785047,3.115137423808427,-35.28441231929603,medium
Krishna Institute of Medical Sciences Ltd.,2021-06-28,825,20.84,2.13,1844,-73.46909090909091,-70.92363636363636,-70.33090909090909,-67.26666666666668,-71.9939393939394,3.2550737727724615,-25.050073441046866,medium
Shyam Metalics & Energy Ltd.,2021-06-24,306,22.92,10.0,1848,21.127450980392148,40.94771241830066,23.071895424836608,0.7352941176470588,-6.388888888888893,2.424883773700675,-37.50561797752808,medium
Sona BLW Precision Forgings Ltd.,2021-06-24,291,24.12,1.21,1848,18.539518900343637,45.446735395189,97.52577319587627,143.74570446735393,99.32989690721648,3.967847796290796,-35.17685669138204,medium
Macrotech Developers Ltd.,2021-04-19,486,-4.27,0.24,1914,-40.318930041152264,-34.74279835390947,-12.283950617283947,23.15843621399176,7.218106995884782,3.4043313169966423,-33.29039184111649,low
Nazara Technologies Ltd.,2021-03-30,1101,44.6,67.76,1934,-81.43596730245231,-80.13714804722979,-82.3006357856494,-75.67484105358766,-81.73478655767484,3.4765626333168176,-50.13990206855201,medium
Kalyan Jewellers India Ltd.,2021-03-26,87,-13.56,2.18,1938,-17.931034482758616,-24.597701149425294,-8.333333333333332,-18.793103448275854,-31.494252873563216,3.2101987246096106,-35.16801853997682,low
Suryoday Small Finance Bank Ltd.,2021-03-26,305,-8.92,2.35,1938,-10.377049180327862,-18.377049180327873,-27.47540983606558,-39.21311475409836,-66.67213114754098,1.606215310079473,-63.40892728581713,low
Craftsman Automation Ltd.,2021-03-25,1490,-3.65,2.73,1939,-2.7483221476510096,-13.818791946308732,20.120805369127513,31.83557046979865,40.983221476510074,2.273098495805947,-30.257850491951594,low
Laxmi Organic Industries Ltd.,2021-03-25,130,26.5,18.03,1939,39.11538461538461,37.84615384615383,70.84615384615384,314.19230769230774,214.73076923076923,3.4875237618054706,-37.83648219361311,medium
Anupam Rasayan India Ltd.,2021-03-24,555,-5.08,9.42,1940,-11.864864864864868,6.306306306306306,32.06306306306307,36.00900900900901,55.756756756756765,2.58011678555536,-26.371556392747824,low
Easy Trip Planners Ltd.,2021-03-19,187,11.47,62.95,1945,-96.50802139037434,-97.10160427807487,-93.48663101604278,-90.93582887700535,-89.46524064171125,5.664948906123597,-29.758454106280197,medium
MTAR Technologies Ltd.,2021-03-15,575,88.26,25.3,1949,79.21739130434783,69.45217391304348,78.83478260869565,138.3304347826087,242.4,2.593945121504791,-32.16134467428595,high
Heranba Industries Ltd.,2021-03-05,627,0.0,10.52,1959,21.49122807017544,0.8213716108452914,20.893141945773525,27.033492822966508,-7.695374800637958,3.007188796299105,-31.86579087519971,low
RailTel Corp.of India Ltd.,2021-02-26,94,29.1,14.76,1966,69.14893617021278,35.638297872340424,36.27659574468085,33.617021276595736,1.223404255319155,4.783821726197758,-46.594161419576416,medium
Nureca Ltd.,2021-02-25,400,61.44,140.53,1967,64.725,50.42500000000001,290.5875,311.5,238.83749999999998,5.113219110252855,-38.710437631089015,high
Stove Kraft Ltd.,2021-02-05,385,15.83,21.05,1987,31.558441558441558,30.675324675324685,24.61038961038961,106.1948051948052,125.76623376623377,3.07430803439734,-21.836465395640893,medium
Home First Finance Co.India Ltd.,2021-02-03,518,1.84,5.76,1989,6.7664092664092585,2.3359073359073403,-1.3416988416988396,14.729729729729721,48.64864864864865,3.0440082840866327,-21.04183391312103,low
Indigo Paints Ltd.,2021-02-02,1490,109.2,13.74,1990,81.53355704697985,73.7751677852349,54.03020134228189,74.83892617449663,33.8255033557047,2.156999099875633,-38.59294547904336,high
Indian Railway Finance Corp.Ltd.,2021-01-29,26,-4.62,2.88,1994,-1.1538461538461564,-5.192307692307698,-18.65384615384616,-11.538461538461538,-11.346153846153843,1.6067635082758567,-19.498069498069487,low
Antony Waste Handling Cell Ltd.,2021-01-01,315,29.32,13.72,2022,19.01587301587301,-10.269841269841278,-19.746031746031743,2.015873015873023,3.9841269841269877,2.4890420464608907,-40.61617773413527,medium
Elin Electronics Ltd.,2022-12-30,247,-7.83,2.26,1294,-10.08097165991903,-15.506072874493931,-52.18623481781377,-30.364372469635626,-40.1417004048583,2.568765292494921,-49.02891670263271,low
KFin Technologies Ltd.,2022-12-29,366,-0.59,1.38,1295,-5.122950819672131,-13.551912568306019,-23.415300546448083,-5.478142076502735,31.88524590163934,2.0953382539416827,-25.010306444963582,low
Abans Holdings Ltd.,2022-12-23,270,-19.11,0.39,1301,-29.59259259259259,-0.5555555555555556,-16.46296296296296,7.592592592592593,16.148148148148156,3.794922365088302,-23.673544583640375,low
Landmark Cars Ltd.,2022-12-23,506,-9.41,0.59,1301,-8.320158102766802,22.608695652173907,6.7687747035573125,33.41897233201582,60.33596837944663,2.968919346108886,-24.49830194504476,low
Sula Vineyards Ltd.,2022-12-22,357,-7.24,1.58,1302,-9.481792717086842,18.585434173669473,-0.8123249299719825,31.316526610644264,31.820728291316534,3.4208280234994013,-22.49853372434017,low
Uniparts India Ltd.,2022-12-12,577,-6.47,4.63,1312,1.3518197573656767,-4.020797227036403,-7.365684575389948,-0.6499133448873483,-4.688041594454065,1.8319694068881767,-24.92608756863297,low
Dharmaj Crop Guard Ltd.,2022-12-08,237,12.36,22.62,1316,-1.455696202531641,-19.303797468354432,-29.029535864978907,-26.41350210970464,10.928270042194082,3.1048336964082974,-47.29628238828389,medium
Keystone Realtors Ltd.,2022-11-24,541,2.93,0.53,1330,0.01848428835490254,-11.497227356746762,-12.079482439926068,-7.560073937153415,-0.8040665434380818,2.164084226906804,-24.748898678414093,low
Inox Green Energy Services Ltd.,2022-11-23,65,-9.08,4.91,1331,-6.538461538461539,-37.15384615384615,-32.153846153846146,-27.230769230769237,6.076923076923081,3.391503551183036,-37.88121990369181,low
Kaynes Technology India Ltd.,2022-11-22,587,17.54,4.21,1332,25.034071550255543,19.63373083475298,52.61499148211244,102.18057921635433,324.38671209540036,2.245415345904837,-15.556251612189985,medium
Archean Chemical Industries Ltd.,2022-11-21,407,12.57,10.06,1333,32.56756756756756,22.628992628992634,56.86732186732188,32.67813267813268,29.004914004913996,2.6963389575325176,-25.862705977979754,medium
Five-Star Business Finance Ltd.,2022-11-21,474,3.38,0.14,1333,5.369198312236285,25.622362869198323,19.198312236286917,11.719409282700411,69.53586497890296,3.5410884538626313,-23.08757888256119,low
Global Health Ltd.,2022-11-16,336,23.6,0.87,1338,34.19642857142857,32.88690476190476,36.04166666666667,67.42559523809523,164.43452380952382,1.6404422065662088,-9.678337603188169,medium
Bikaji Foods International Ltd.,2022-11-16,300,5.82,4.64,1338,14.916666666666668,28.35,28.249999999999996,23.450000000000006,83.03333333333333,3.286773698345328,-22.220968288003608,low
Fusion Micro Finance Ltd.,2022-11-15,368,-11.74,0.5,1339,-7.146739130434786,9.972826086956518,11.399456521739127,25.51630434782608,62.26902173913042,2.746458343629312,-17.044268892532425,low
DCX Systems Ltd.,2022-11-11,207,49.18,63.7,1343,29.1304347826087,17.02898550724638,-15.652173913043482,-11.956521739130435,33.86473429951692,3.0486741191953657,-54.579348354676604,medium
Tracxn Technologies Ltd.,2022-10-20,80,16.56,4.64,1365,1.1875000000000036,-10.250000000000004,19.6875,-13.812499999999996,-11.374999999999993,4.465343799354407,-38.661338661338654,medium
Electronics Mart India Ltd.,2022-10-17,59,43.22,20.33,1368,45.33898305084746,44.49152542372881,42.62711864406781,23.813559322033896,185.2542372881356,3.461460893823415,-38.20939334637965,medium
Harsha Engineers International Ltd.,2022-09-26,330,47.42,17.95,1389,32.01515151515151,31.924242424242433,10.681818181818182,-2.1818181818181785,27.65151515151515,2.1414627835628997,-33.648509763617675,medium
Tamilnad Mercantile Bank Ltd.,2022-09-15,510,-0.07,6.0,1400,-3.196078431372551,-8.59803921568628,2.068627450980383,-15.647058823529413,7.029411764705887,1.3971800328412596,-24.406619385342793,low
Dreamfolks Services Ltd.,2022-09-06,326,41.84,35.33,1409,30.26073619631901,15.076687116564411,14.585889570552151,42.37730061349693,57.65337423312885,2.6571042374484954,-40.35152183232286,medium
Syrma SGS Technology Ltd.,2022-08-26,220,41.14,4.37,1420,40.27272727272728,31.22727272727272,28.499999999999996,20.4090909090909,144.4318181818182,2.5343067893747904,-22.71264367816092,medium
Aether Industries Ltd.,2022-06-03,642,20.62,0.59,1504,22.445482866043616,20.61526479750779,43.50467289719626,40.50623052959501,42.96728971962617,2.1431250835124134,-19.85603760650279,medium
eMudhra Ltd.,2022-06-01,256,0.74,1.45,1506,-0.2539062500000022,-1.3671875,40.37109375000001,20.820312500000004,69.7265625,3.105164133861665,-44.529396256261535,low
Ethos Ltd.,2022-05-30,878,-8.53,0.24,1508,-12.28929384965831,-11.395216400911156,20.75740318906606,4.601366742596809,38.53644646924828,2.5362711040380432,-21.682993995756398,low
Paradeep Phosphates Ltd.,2022-05-27,42,4.52,0.86,1511,5.119047619047615,-10.357142857142861,27.499999999999993,34.64285714285714,24.642857142857146,2.8328078979633338,-28.36257309941521,low
Delhivery Ltd.,2022-05-24,487,10.13,0.27,1514,8.880903490759753,2.8131416837782317,14.84599589322381,-27.98767967145791,-25.451745379876794,3.794396103064987,-57.64445080091534,medium
Venus Pipes & Tubes Ltd.,2022-05-24,326,8.7,13.33,1514,1.196319018404901,0.1840490797546082,23.236196319018404,115.55214723926382,197.34662576687117,1.4489306451477986,-14.504067173970094,low
Prudent Corporate Advisory Services Ltd.,2022-05-20,630,-10.83,0.37,1518,-18.71428571428571,-20.650793650793656,-1.841269841269845,26.761904761904766,35.91269841269841,3.5800883177282605,-28.724249077404586,low
Life Insurance Corp.of India,2022-05-17,949,-7.77,1.61,1521,-56.63329820864068,-64.7344573234984,-64.0463645943098,-66.92834562697576,-69.96838777660696,1.563866691488498,-39.311226236392265,low
Rainbow Children's Medicare Ltd.,2022-05-10,542,-16.94,0.78,1528,-22.426199261992622,-13.25645756457565,-12.527675276752765,49.19741697416974,49.04059040590405,2.4045069541952495,-19.679908545298655,low
Campus Activewear Ltd.,2022-05-09,292,29.76,6.22,1529,11.815068493150685,12.534246575342472,41.71232876712329,91.04452054794521,24.50342465753425,2.5436956541401106,-49.9406504708396,medium
Hariom Pipe Industries Ltd.,2022-04-13,153,50.98,6.94,1555,43.104575163398685,26.20915032679738,35.7516339869281,84.37908496732027,231.11111111111114,2.8941368722912792,-25.005153576582153,high
Veranda Learning Solutions Ltd.,2022-04-11,137,-4.2,4.4,1557,10.839416058394157,58.54014598540145,57.956204379562045,146.64233576642334,46.277372262773724,4.432795177002435,-54.71774739407067,low
Uma Exports Ltd.,2022-04-07,68,17.35,5.81,1561,16.76470588235295,-8.897058823529408,-24.485294117647058,-29.852941176470583,-39.485294117647065,5.109544481146315,-58.41865756541525,medium
Vedant Fashions Ltd.,2022-02-16,866,7.8,0.16,1611,-1.2759815242494172,3.9896073903002263,13.614318706697457,37.6674364896074,41.58775981524251,2.64299018168277,-23.984071880743308,low
Adani Wilmar Ltd.,2022-02-08,230,16.63,3.39,1619,66.8913043478261,49.304347826086946,166.91304347826085,193.2608695652174,82.08695652173914,5.647014279141181,-54.82164090368609,medium
AGS Transact Technologies Ltd.,2022-01-31,175,-7.97,1.88,1627,-9.714285714285714,-37.228571428571435,-28.742857142857144,-52.82857142857142,-66.82857142857142,4.26198035372662,-66.81260945709282,low
Innova Captab Ltd.,2023-12-29,448,20.85,17.02,930,19.899553571428566,15.156249999999996,0.3459821428571454,12.466517857142863,141.30580357142856,2.070836822960624,-20.50397877984085,medium
Azad Engineering Ltd.,2023-12-28,524,29.29,23.95,931,26.164122137404583,29.036259541984727,152.7290076335878,264.2557251908397,220.7824427480916,4.416210095006877,-32.538601271571295,medium
RBZ Jewellers Ltd.,2023-12-27,100,5.0,24.78,932,33.900000000000006,99.19999999999999,51.849999999999994,37.16999999999999,104.37,5.3842119713356125,-46.97393926340728,low
Credo Brands Marketing Ltd.,2023-12-27,280,11.5,19.47,932,0.2857142857142898,-9.910714285714285,-37.39285714285714,-40.15,-37.61071428571429,2.650512448216894,-51.681614349775785,medium
Happy Forgings Ltd.,2023-12-27,850,21.27,15.02,932,19.511764705882356,14.058823529411764,4.288235294117652,42.71764705882352,17.035294117647055,1.8695233508525322,-22.295261572172,medium
Muthoot Microfin Ltd.,2023-12-26,291,-8.54,7.82,933,-13.281786941580759,-20.56701030927835,-31.151202749140893,-14.037800687285221,-37.72508591065292,2.033034642497396,-31.91057674243847,low
Motisons Jewellers Ltd.,2023-12-26,55,88.27,117.44,933,-80.32727272727273,-63.96363636363637,-73.67272727272727,-68.94545454545454,-51.47272727272727,5.444567357009566,-43.0182133564614,high
Suraj Estate Developers Ltd.,2023-12-26,360,-7.08,9.54,933,-6.902777777777784,-8.486111111111114,-23.88888888888889,22.027777777777782,66.15277777777777,2.067344792636506,-30.457907929326893,low
Inox India Ltd.,2023-12-21,660,42.42,14.68,938,34.742424242424235,31.916666666666664,66.53030303030302,107.59090909090907,65.51515151515153,3.7370593912180414,-26.22849701871015,medium
India Shelter Finance Corp.Ltd.,2023-12-20,493,10.49,10.07,939,7.3630831643001935,16.78498985801217,7.261663286004047,41.90669371196755,42.819472616632865,2.3782393827887387,-22.802919708029204,medium
DOMS Industries Ltd.,2023-12-20,790,67.85,70.14,939,61.57594936708861,81.37341772151898,79.77215189873418,143.4493670886076,270.9240506329114,2.479872415131659,-13.305293393516616,high
Flair Writing Industries Ltd.,2023-12-01,304,48.32,13.37,958,22.680921052631575,14.687499999999993,-7.549342105263154,-1.4309210526315863,-7.351973684210533,2.6059100729038653,-44.36682191173209,medium
Tata Technologies Ltd.,2023-11-30,500,162.6,16.01,959,137.14000000000001,136.03000000000003,109.19000000000001,113.19000000000001,87.7,1.6788251835099177,-28.94135567402894,high
Gandhar Oil Refinery (India) Ltd.,2023-11-30,169,78.34,29.09,959,60.79881656804734,61.508875739644964,39.91124260355029,21.035502958579887,31.881656804733726,2.632323855279102,-38.76331934129802,high
Fedbank Financial Services Ltd.,2023-11-30,140,0.18,1.8,959,-0.6785714285714205,-2.749999999999996,-13.64285714285714,-14.321428571428568,-18.014285714285712,1.5283528395506083,-36.38456330399458,low
Indian Renewable Energy Development Agency Ltd.,2023-11-29,32,87.5,7.53,960,100.46875000000001,221.25,384.0625,504.06250000000006,551.28125,5.91882231096735,-39.93793268083075,high
ASK Automotive Ltd.,2023-11-15,282,9.96,5.55,974,3.1560283687943183,1.8262411347517649,3.3865248226950397,4.8936170212766,47.375886524822704,2.0596516088191352,-25.337216431637028,low
Protean eGov Technologies Ltd.,2023-11-13,792,11.49,8.7,976,,,,,,,,medium
ESAF Small Finance Bank Ltd.,2023-11-10,60,15.08,17.83,979,14.66666666666666,12.833333333333337,30.416666666666664,-0.16666666666666904,-25.3,2.3263747361029243,-45.64526382708201,medium
Honasa Consumer Ltd.,2023-11-07,324,4.04,1.31,982,-1.8672839506172874,20.462962962962965,35.57098765432099,29.675925925925917,19.7067901234568,4.557242647667881,-28.40793724042455,low
Cello World Ltd.,2023-11-06,648,22.18,3.17,983,21.273148148148152,24.984567901234563,32.99382716049382,40.57098765432098,26.774691358024693,1.7149108560099287,-19.671311976014653,medium
Blue Jet Healthcare Ltd.,2023-11-01,346,19.48,2.25,988,17.138728323699425,0.274566473988436,6.18497109826589,12.76011560693641,36.64739884393064,2.7486116934665494,-22.085147556845662,medium
IRM Energy Ltd.,2023-10-26,505,-6.31,9.07,994,-10.277227722772272,-7.198019801980203,1.4257425742574348,14.316831683168306,-26.594059405940595,2.438382259083258,-38.671519563239315,low
Plaza Wires Ltd.,2023-10-12,54,48.52,360.04,1008,89.35185185185185,110.55555555555556,94.25925925925927,79.25925925925925,52.8888888888889,4.130366515192662,-52.405446293494705,medium
Valiant Laboratories Ltd.,2023-10-06,140,21.61,15.72,1014,26.214285714285708,37.74999999999999,24.89285714285714,12.035714285714281,-15.700000000000003,2.7020944315605506,-47.197265625,medium
Updater Services Ltd.,2023-10-04,300,-5.37,1.39,1016,-3.0833333333333335,-12.683333333333339,6.0,10.383333333333326,22.316666666666663,2.857033412923302,-28.007059462394796,low
JSW Infrastructure Ltd.,2023-10-03,119,32.18,10.44,1017,42.64705882352941,44.32773109243697,77.01680672268908,106.17647058823529,190.2941176470588,3.1176583679406122,-17.8891217374738,medium
Manoj Vaibhav Gems 'N' Jewellers Ltd.,2023-10-03,215,0.23,1.67,1017,13.581395348837205,21.534883720930235,48.395348837209305,17.04651162790698,25.90697674418604,3.616433995447675,-50.98222637979419,low
Yatra Online Ltd.,2023-09-28,142,-4.3,2.08,1022,-3.661971830985907,-11.161971830985912,0.8450704225352033,5.316901408450712,-5.85915492957746,2.3440229806412267,-32.75852509010258,low
Sai Silks (Kalamandir) Ltd.,2023-09-27,222,10.32,0.87,1023,7.860360360360355,8.98648648648648,23.82882882882882,-12.162162162162163,-19.301801801801798,2.5732525603489673,-49.793422574781026,medium
Signatureglobal (India) Ltd.,2023-09-27,385,19.1,6.97,1023,21.779220779220783,45.597402597402585,113.11688311688313,244.6493506493507,315.99999999999994,1.8731125572265033,-21.939742959477496,medium
SAMHI Hotels Ltd.,2023-09-22,126,13.81,1.11,1028,18.928571428571423,15.11904761904763,30.952380952380953,59.28571428571428,62.92857142857142,2.842493397089792,-26.16495296434041,medium
Zaggle Prepaid Ocean Services Ltd.,2023-09-22,164,-3.45,5.94,1028,22.286585365853664,30.945121951219512,36.82926829268293,80.79268292682927,170.3048780487805,3.8565985485092575,-31.637749737118813,low
EMS Ltd.,2023-09-21,211,32.65,29.28,1029,22.796208530805696,43.104265402843595,92.03791469194313,79.28909952606635,287.22748815165875,3.678806389953292,-37.34725050916498,medium
R R Kabel Ltd.,2023-09-20,1035,15.75,2.05,1030,15.937198067632854,32.10628019323671,65.10144927536231,35.222222222222214,61.96135265700483,2.7172873123348875,-24.363474288261195,medium
Jupiter Life Line Hospitals Ltd.,2023-09-18,735,46.36,7.66,1032,46.666666666666664,42.482993197278915,56.54421768707481,51.6734693877551,86.54421768707482,1.942029249102994,-26.919925267953726,medium
Ratnaveer Precision Engineering Ltd.,2023-09-11,98,31.99,52.84,1039,15.91836734693877,16.632653061224488,19.897959183673468,30.510204081632658,85.03061224489798,2.5269198160656487,-26.441351888667995,medium
Rishabh Instruments Ltd.,2023-09-11,441,0.49,8.16,1039,1.9954648526077126,17.99319727891157,13.242630385487523,5.941043083900224,-15.680272108843532,2.605521430153691,-39.8678952947892,low
Vishnu Prakash R.Punglia Ltd.,2023-09-05,99,47.17,31.02,1045,54.242424242424235,72.32323232323232,108.38383838383841,81.21212121212122,143.11111111111111,3.8433990202434396,-35.62527814864263,medium
Aeroflex Industries Ltd.,2023-08-31,108,51.16,34.55,1050,45.09259259259258,41.43518518518518,47.17592592592592,35.32407407407408,55.25925925925927,2.531702028341047,-32.94016110471807,high
Pyramid Technoplast Ltd.,2023-08-29,166,7.02,14.24,1052,-0.060240963855418266,3.042168674698802,24.06626506024096,4.518072289156627,4.337349397590354,3.1851367507572483,-40.1174168297456,low
TVS Supply Chain Solutions Ltd.,2023-08-23,197,2.03,7.53,1058,1.6751269035533052,8.350253807106593,7.893401015228433,-3.527918781725883,-0.8426395939086277,2.5151582536402555,-39.51497860199714,low
Concord Biotech Ltd.,2023-08-18,741,27.23,3.7,1063,31.403508771929832,36.82186234817814,76.2348178137652,88.94736842105262,120.53981106612686,2.6637524944531923,-16.27376882010677,medium
SBFC Finance Ltd.,2023-08-16,57,61.75,11.15,1065,54.03508771929823,50.701754385964925,61.14035087719297,50.78947368421053,48.43859649122807,2.1603765733642533,-22.339862361037593,high
Yatharth Hospital & Trauma Care Services Ltd.,2023-08-07,300,11.28,8.38,1074,12.399999999999995,22.399999999999995,20.600000000000005,26.183333333333337,45.04999999999999,3.0946229230216193,-23.303955728632918,medium
Netweb Technologies India Ltd.,2023-07-27,500,82.08,18.74,1085,78.06,73.05,55.87000000000001,172.18000000000004,377.59999999999997,2.4876349970768437,-21.13789778206364,high
Utkarsh Small Finance Bank Ltd.,2023-07-21,25,92.0,76.14,1091,105.0,92.80000000000001,115.40000000000002,139.4,100.0,3.3339305416221774,-29.069767441860467,high
Senco Gold Ltd.,2023-07-14,317,27.85,15.73,1098,-40.851735015772874,-37.359621451104104,3.580441640378556,15.993690851735012,52.46056782334385,3.556844226150359,-18.220008264083376,medium
Cyient DLM Ltd.,2023-07-10,265,58.72,50.38,1102,92.69811320754717,85.39622641509435,152.16981132075472,151.2452830188679,189.41509433962267,3.7977109063597614,-31.150839273396176,high
ideaForge Technology Ltd.,2023-07-07,672,92.7,82.03,1105,79.30059523809526,64.59077380952381,27.455357142857146,24.657738095238102,23.75744047619047,2.6605558790074935,-50.56179775280899,high
HMA Agro Industries Ltd.,2023-07-04,585,0.11,0.96,1108,-89.96923076923078,-89.84273504273504,-87.2051282051282,-85.64102564102564,-90.82564102564103,2.2538553979562836,-41.25,low
IKIO Lighting Ltd.,2023-06-16,285,41.7,13.77,1126,62.3859649122807,44.85964912280703,27.368421052631582,24.315789473684216,0.43859649122807015,2.524602074089112,-46.618409680207435,medium
Mankind Pharma Ltd.,2023-05-09,1080,0.0,0.89,1164,25.833333333333336,34.91203703703703,66.99074074074073,64.3611111111111,102.10185185185183,2.629131493500028,-11.347111099528293,low
Avalon Technologies Ltd.,2023-04-18,436,-8.72,0.84,1185,-10.091743119266056,-7.729357798165134,51.020642201834875,21.318807339449553,18.325688073394492,2.9040297259013057,-35.1793400286944,low
Udayshivakumar Infra Ltd.,2023-04-03,35,-10.0,14.73,1200,-5.571428571428579,-10.0,-12.285714285714286,0.14285714285713474,51.57142857142857,2.955475147196616,-31.222707423580786,low
Global Surfaces Ltd.,2023-03-23,140,22.18,4.98,1211,12.714285714285722,53.7142857142857,43.64285714285714,25.892857142857146,58.67857142857144,3.323850455130291,-30.203566356320028,medium
Divgi TorqTransfer Systems Ltd.,2023-03-14,590,2.58,4.17,1220,7.83050847457628,14.220338983050842,39.94067796610169,67.97457627118644,18.093220338983052,2.625008026001234,-38.32979288369623,low
Radiant Cash Management Services Ltd.,2023-01-04,94,11.6,0.3,1289,9.574468085106384,2.606382978723407,2.2340425531914834,-1.4893617021276655,-4.62765957446808,2.079896980865759,-20.725623582766435,medium
Unimech Aerospace & Manufacturing Ltd.,2024-12-31,785,75.32,57.86,562,76.50318471337579,62.35031847133759,23.280254777070063,67.84713375796177,15.681528662420385,3.3707080592832286,-40.94636790996123,high
Ventive Hospitality Ltd.,2024-12-30,643,9.54,6.19,563,10.800933125972014,8.57698289269051,10.800933125972014,7.099533437013994,15.023328149300157,3.157059885674982,-27.760497667185074,low
Carraro India Ltd.,2024-12-30,704,-9.63,0.72,563,-7.713068181818175,-28.01846590909091,-56.10085227272727,-38.16761363636363,-24.77982954545455,4.7214702781132045,-61.607008004833105,low
Senores Pharmaceuticals Ltd.,2024-12-30,391,42.66,94.87,563,41.40664961636828,31.304347826086953,45.93350383631714,45.319693094629166,110.63938618925833,4.357185245555849,-22.98813977553132,medium
Transrail Lighting Ltd.,2024-12-27,432,28.14,23.08,566,47.592592592592595,22.233796296296283,11.423611111111116,45.99537037037038,38.46064814814814,3.893233798170358,-34.77811415491398,medium
Concord Enviro Systems Ltd.,2024-12-27,701,17.99,5.68,566,12.589158345221113,-7.995720399429381,-27.639087018544934,-15.841654778887298,-35.8416547788873,4.993653514020583,-57.1514931689034,medium
Sanathan Textiles Ltd.,2024-12-27,321,20.98,9.3,566,18.411214953271035,6.323987538940814,15.700934579439247,41.68224299065421,35.295950155763244,2.837703250209445,-22.56984678769152,medium
DAM Capital Advisors Ltd.,2024-12-27,283,46.68,27.22,566,42.77385159010601,-1.077738515901064,-16.71378091872792,-11.678445229681984,-25.363957597173147,3.725503196006646,-51.58034208624428,medium
Mamata Machinery Ltd.,2024-12-27,243,159.26,139.29,566,125.47325102880657,73.37448559670783,51.97530864197532,71.85185185185186,73.27160493827161,4.861507989702736,-47.111111111111114,high
International Gemmological Institute (India) Ltd.,2024-12-20,417,12.99,11.48,573,,24.244604316546766,-17.470023980815352,-13.465227817745799,-24.280575539568343,3.8935592248382562,-52.37749838813669,medium
Inventurus Knowledge Solutions Ltd.,2024-12-19,1329,47.54,14.65,574,61.45221971407072,40.85402558314522,12.464258841234017,39.631301730624536,27.58465011286681,3.9195482746460364,-37.8734212611269,medium
Vishal Mega Mart Ltd.,2024-12-18,78,43.5,2.44,575,33.83333333333333,40.820512820512825,29.948717948717945,60.06410256410256,70.69230769230768,3.051733912648859,-20.701754385964918,medium
Sai Life Sciences Ltd.,2024-12-18,549,39.28,1.36,575,38.98907103825136,30.500910746812394,28.38797814207651,39.025500910746814,59.663023679417115,2.898282000933051,-17.906141813052955,medium
One Mobikwik Systems Ltd.,2024-12-18,279,89.25,143.52,575,118.2437275985663,68.92473118279571,6.792114695340498,-4.587813620071689,-15.695340501792113,5.260996598531498,-65.56956079229626,high
Suraksha Diagnostic Ltd.,2024-12-06,441,0.0,0.88,587,-6.72335600907029,-14.229024943310659,-37.482993197278915,-24.829931972789115,-36.33786848072562,2.678787036521185,-38.086707273378714,low
Enviro Infra Engineers Ltd.,2024-11-29,148,39.91,23.86,594,69.7972972972973,116.12162162162163,36.38513513513513,70.01351351351352,46.722972972972975,5.410071509191237,-49.61244383720013,medium
NTPC Green Energy Ltd.,2024-11-27,108,12.64,3.6,596,36.71296296296297,20.222222222222225,-9.185185185185187,4.24074074074074,-12.037037037037036,2.9824314214034446,-41.4036740461611,medium
Zinka Logistics Solutions Ltd.,2024-11-22,273,-4.69,1.6,601,-0.6959706959706876,83.75457875457874,56.19047619047618,73.6996336996337,134.67032967032966,5.2906037930562215,-37.718887536286175,low
Niva Bupa Health Insurance Co.Ltd.,2024-11-14,74,0.0,2.77,609,-0.9864864864864918,12.972972972972965,7.18918918918918,14.648648648648654,3.472972972972964,3.994801823906084,-29.159999999999997,low
Swiggy Ltd.,2024-11-13,390,16.92,1.06,610,5.756410256410254,36.50000000000001,-14.52564102564102,-17.87179487179487,-1.7692307692307636,4.228232494877536,-49.11708092727425,medium
ACME Solar Holdings Ltd.,2024-11-13,289,-12.4,3.12,610,-8.598615916955026,-7.26643598615917,-29.43598615916955,-23.442906574394463,-13.131487889273352,4.5773470856192775,-38.10964756140975,low
Sagility India Ltd.,2024-11-12,30,-2.27,3.98,611,-2.5,36.03333333333334,66.69999999999999,36.099999999999994,72.16666666666666,3.7672219056589658,-29.478373863003522,low
Afcons Infrastructure Ltd.,2024-11-04,463,2.42,0.94,619,6.6414686825053995,7.321814254859606,2.181425485961128,-9.503239740820735,-3.898488120950326,2.864895415997241,-27.238566584181097,low
Godavari Biorefineries Ltd.,2024-10-30,352,-2.5,1.68,624,-3.9204545454545485,0.48295454545454225,-32.585227272727266,-50.80681818181818,-23.352272727272723,4.060957234994478,-62.5276541640178,low
Waaree Energies Ltd.,2024-10-28,1503,55.62,11.06,626,98.97538256819693,73.50299401197606,49.14836992681303,78.07717897538257,131.96274118429807,4.45746103311806,-42.475114117582365,high
Deepak Builders & Engineers India Ltd.,2024-10-28,203,-20.22,38.95,626,-92.39901477832511,-92.25615763546799,-91.50738916256157,-93.08866995073892,-92.36945812807882,3.5340365607989708,-36.27019089574156,low
Hyundai Motor India Ltd.,2024-10-22,1960,-7.16,0.44,632,-10.28061224489796,-6.859693877551022,-9.058673469387752,-15.219387755102037,19.540816326530614,1.6500509059296016,-17.39323263155148,low
Garuda Construction & Engineering Ltd.,2024-10-15,95,11.96,10.56,639,0.13684210526315313,-12.694736842105264,24.936842105263153,8.652631578947368,99.6,4.977161068107743,-39.251191286589524,medium
Diffusion Engineers Ltd.,2024-10-04,168,20.93,83.84,650,54.29166666666665,119.16666666666667,102.32142857142857,62.85714285714287,118.66071428571429,5.777742975971048,-51.62858134738304,medium
KRN Heat Exchanger & Refrigeration Ltd.,2024-10-03,220,117.63,101.07,651,109.42727272727272,112.65909090909092,249.8636363636364,292.77272727272725,276.65909090909093,4.765523739920021,-27.22494202525122,high
Manba Finance Ltd.,2024-09-30,120,31.21,139.75,654,9.73333333333334,15.658333333333326,30.34166666666666,10.349999999999989,11.174999999999997,4.303897790633247,-34.09832613959364,medium
Western Carriers (India) Ltd.,2024-09-24,172,-7.3,27.21,660,-11.616279069767437,-22.7906976744186,-35.44186046511628,-52.05232558139535,-19.174418604651155,2.530303652922574,-57.28021152574965,low
Arkade Developers Ltd.,2024-09-24,128,29.58,58.03,660,19.820312500000004,7.304687499999996,27.28124999999999,23.476562500000007,37.414062499999986,3.1675877638138124,-27.239290350497612,medium
Northern Arc Capital Ltd.,2024-09-24,263,22.97,32.85,660,16.463878326996202,-9.106463878326993,-16.456273764258555,-33.27756653992396,4.7148288973383945,2.5220109358534524,-48.59925788497217,medium
P N Gadgil Jewellers Ltd.,2024-09-17,480,65.27,17.73,667,68.40625,56.343750000000014,47.80208333333334,4.833333333333331,32.40624999999999,3.1631477849191763,-38.850745345456794,high
Bajaj Housing Finance Ltd.,2024-09-16,70,135.71,7.54,668,130.9,100.7857142857143,89.22857142857143,64.64285714285715,65.60000000000001,3.233500973819407,-41.74104683195593,high
Kross Ltd.,2024-09-16,240,8.25,11.48,668,-4.583333333333333,-19.04166666666666,-9.20833333333333,-26.149999999999995,-4.479166666666667,4.294599224132417,-40.47573226588661,low
Tolins Tyres Ltd.,2024-09-16,226,5.93,22.31,668,-8.491150442477876,-16.951327433628318,-3.362831858407077,-48.615044247787615,-13.216814159292037,4.139311631448274,-55.342754180669715,low
Shree Tirupati Balajee Agro Trading Co.Ltd.,2024-09-12,83,13.86,71.62,672,4.734939759036153,-7.373493975903619,-7.192771084337347,-41.13253012048193,-37.78313253012048,2.6678534778174234,-58.083047772626486,medium
Gala Precision Engineering Ltd.,2024-09-09,529,43.13,102.38,675,36.20982986767485,53.63894139886578,87.07939508506615,61.77693761814744,56.398865784499066,5.207867183032083,-44.60913999927518,medium
Baazar Style Retail Ltd.,2024-09-06,389,2.83,9.36,678,-7.596401028277638,-1.4395886889460212,-17.58354755784061,-43.807197943444734,-10.925449871465295,3.3920924273719093,-55.45554068848072,low
ECOS (India) Mobility & Hospitality Ltd.,2024-09-04,334,32.68,19.31,680,44.371257485029936,42.41017964071855,-0.9880239520958117,-47.25748502994012,-18.083832335329333,4.728176283896011,-70.1347800288209,medium
Premier Energies Ltd.,2024-09-03,450,86.64,7.59,681,160.82222222222222,140.1,176.3777777777778,94.06666666666665,127.78888888888889,4.727147223991053,-38.61303239898071,high
Orient Technologies Ltd.,2024-08-28,206,46.8,66.68,687,39.91747572815535,23.014563106796114,84.24757281553399,47.0,33.737864077669904,4.397619521367525,-54.59575316518792,medium
Interarch Building Products Ltd.,2024-08-26,900,32.94,20.4,689,27.949999999999996,52.03333333333333,59.333333333333336,71.37777777777778,132.23333333333332,4.267147084033542,-26.101176912147128,medium
Saraswati Saree Depot Ltd.,2024-08-20,160,27.31,64.8,695,8.062500000000004,6.974999999999998,-20.962500000000002,-35.775,-40.981249999999996,2.775781772195945,-60.50564555719195,medium
Unicommerce eSolutions Ltd.,2024-08-13,108,94.52,136.56,702,120.75,107.86111111111111,82.38888888888887,39.55555555555556,20.0462962962963,4.170777634497188,-57.520518002227085,high
Brainbees Solutions Ltd.,2024-08-13,465,46.04,2.38,702,35.93548387096775,40.29032258064517,13.204301075268813,-10.021505376344091,-19.37634408602151,3.2498548157668514,-56.14277808522412,medium
Ola Electric Mobility Ltd.,2024-08-09,76,20.0,3.86,706,75.10526315789475,44.17105263157894,-1.8947368421052602,-1.8421052631579022,-47.19736842105263,5.062854019906946,-72.81049323678099,medium
Ceigall India Ltd.,2024-08-08,401,-3.55,3.89,707,-7.169576059850375,-4.8877805486284345,-14.83790523690773,-26.55860349127182,-35.71072319201995,1.916652791649068,-40.57142857142857,low
Akums Drugs & Pharmaceuticals Ltd.,2024-08-06,679,17.27,21.02,709,37.73932253313696,30.257731958762896,24.484536082474225,-16.561119293078065,-28.269513991163475,3.2956338899109268,-62.37332023751061,medium
Sanstar Ltd.,2024-07-26,95,21.13,23.54,720,26.568421052631574,40.98947368421052,26.27368421052631,17.115789473684213,-4.76842105263158,3.1091662153388717,-44.65661420952131,medium
Emcure Pharmaceuticals Ltd.,2024-07-10,1008,34.84,7.23,736,35.153769841269835,27.653769841269842,39.15178571428572,42.12301587301586,27.281746031746028,2.1447538675436815,-40.678632254683606,medium
Bansal Wire Industries Ltd.,2024-07-10,256,36.86,14.16,736,39.62890624999999,37.44140625000001,64.140625,70.17578124999999,53.04687500000001,2.485634023080377,-32.42191500256016,medium
Vraj Iron & Steel Ltd.,2024-07-03,207,21.74,57.55,743,16.000000000000004,9.328502415458937,26.835748792270536,5.874396135265699,-14.521739130434783,3.372904108097141,-47.706096999326874,medium
Allied Blenders & Distillers Ltd.,2024-07-02,281,13.13,4.73,744,19.128113879003557,6.743772241992879,20.640569395017792,50.32028469750889,51.014234875444856,2.622379525965823,-30.33489541661904,medium
Stanley Lifestyles Ltd.,2024-06-28,369,28.66,19.27,748,32.01897018970189,55.98915989159893,29.539295392953928,14.891598915989157,-5.203252032520322,2.8418534624344884,-56.31843253478225,medium
DEE Development Engineers Ltd.,2024-06-26,203,65.18,24.89,750,64.95073891625617,88.17733990147784,44.729064039408875,56.57635467980297,54.261083743842356,2.090237945604365,-53.311518324607334,high
Akme Fintrade (India) Ltd.,2024-06-26,120,11.12,45.75,750,-90.54166666666667,-90.29166666666666,-90.48333333333332,-92.29166666666667,-93.75833333333333,3.9050110895325694,-51.12443778110944,medium
Le Travenues Technology Ltd.,2024-06-18,93,78.19,54.44,758,72.27956989247312,86.13978494623657,66.89247311827958,65.61290322580646,93.96774193548386,2.796005005484879,-32.30552850806016,high
Kronox Lab Sciences Ltd.,2024-06-10,136,17.15,54.9,766,12.683823529411764,15.992647058823529,26.63970588235293,49.08823529411764,19.47058823529411,2.868226655923128,-38.78574332565389,medium
Awfis Space Solutions Ltd.,2024-05-30,383,10.12,53.74,777,6.697127937336808,34.3603133159269,107.66318537859007,87.84595300261098,68.30287206266318,4.5328405242018714,-36.476275141682414,medium
Go Digit General Insurance Ltd.,2024-05-23,272,12.5,4.08,784,9.705882352941169,22.830882352941185,31.70955882352941,16.121323529411775,19.007352941176467,2.548839503535193,-30.095381526104415,medium
TBO Tek Ltd.,2024-05-15,920,52.86,25.94,792,51.69021739130434,74.63043478260869,77.96195652173913,82.7282608695652,31.19565217391304,2.836231874254113,-47.44892668256767,high
Aadhar Housing Finance Ltd.,2024-05-15,315,4.59,2.52,792,9.000000000000007,33.38095238095237,27.063492063492063,38.365079365079374,41.920634920634924,2.9205748178111524,-28.66098540503478,low
Indegene Ltd.,2024-05-13,452,26.31,8.25,794,22.80973451327434,29.059734513274343,26.858407079646014,52.56637168141594,26.49336283185841,2.476139061327785,-31.220144670397165,medium
JNK India Ltd.,2024-04-30,415,67.36,4.17,807,53.44578313253011,54.66265060240965,86.7590361445783,50.57831325301204,-15.060240963855422,4.087221311165489,-68.62289695802414,high
Bharti Hexacom Ltd.,2024-04-12,570,42.68,2.74,825,66.16666666666666,58.350877192982466,83.78947368421052,151.21929824561406,163.99122807017542,3.629000387804359,-19.358281851408613,medium
SRM Contractors Ltd.,2024-04-03,210,7.62,45.86,834,0.452380952380947,-6.023809523809526,-16.061904761904756,25.85714285714286,58.40476190476189,2.4820263860809573,-34.53434471133587,low
Krystal Integrated Services Ltd.,2024-03-21,715,-0.3,3.32,847,6.076923076923083,11.601398601398607,4.027972027972022,11.510489510489503,-30.825174825174823,4.243627488934145,-58.24559677260651,low
Popular Vehicles & Services Ltd.,2024-03-19,295,-6.39,1.03,849,-9.576271186440678,-17.576271186440675,-13.66779661016949,-23.43050847457627,-66.13559322033899,2.6178617918417415,-66.63439930855661,low
Gopal Snacks Ltd.,2024-03-14,401,-9.55,4.08,854,-6.683291770573568,-18.167082294264343,-19.413965087281802,-12.605985037406487,-34.775561097256855,2.0715364639097347,-49.00565412361084,low
J.G.Chemicals Ltd.,2024-03-13,221,-16.38,17.59,855,-15.067873303167426,1.968325791855201,8.013574660633488,90.49773755656109,40.226244343891395,4.207549126844138,-34.36171372506268,low
R K SWAMY Ltd.,2024-03-12,288,-8.82,33.33,856,-8.52430555555556,-1.52777777777777,-7.586805555555563,-17.62152777777778,-29.836805555555557,3.5270187236062984,-37.1594016406627,low
Mukka Proteins Ltd.,2024-03-07,28,50.89,57.27,861,29.999999999999993,35.5357142857143,13.392857142857142,65.53571428571429,24.035714285714274,2.9691882665082514,-39.30284028033936,high
Platinum Industries Ltd.,2024-03-05,171,29.36,50.17,863,8.011695906432742,19.356725146198826,15.321637426900578,143.18713450292398,57.543859649122794,3.8462023980119766,-52.38430583501007,medium
Exicom Tele-Systems Ltd.,2024-03-05,142,58.42,121.61,863,40.316901408450704,46.40845070422536,113.48591549295773,171.51408450704227,7.640845070422531,6.090801874353593,-71.90902958465838,high
GPT Healthcare Ltd.,2024-02-29,186,7.9,2.35,868,-7.634408602150532,-5.215053763440855,-21.31720430107527,-1.0215053763440891,-29.602150537634408,3.268774420213273,-34.75834578973592,low
Juniper Hotels Ltd.,2024-02-28,360,11.53,1.29,869,25.402777777777775,43.76388888888887,20.48611111111111,6.347222222222229,-32.138888888888886,3.2793046016782186,-55.499186369292616,medium
Vibhor Steel Tubes Ltd.,2024-02-20,151,195.53,197.91,877,134.6026490066225,76.62251655629139,75.79470198675496,68.64238410596026,2.7814569536423766,4.195126499432323,-65.5484593837535,high
Entero Healthcare Solutions Ltd.,2024-02-16,1258,-8.62,1.32,881,-7.06279809220985,-20.007949125596188,-18.783783783783782,-2.6510333863274966,-2.1740858505564313,3.554521244560624,-20.58016843599754,low
Rashi Peripherals Ltd.,2024-02-14,311,3.38,10.98,883,12.427652733118965,0.03215434083602017,2.154340836012858,29.37299035369776,-4.662379421221865,2.6645584065278825,-34.45340997015586,low
Jana Small Finance Bank Ltd.,2024-02-14,414,-11.07,5.81,883,11.751207729468593,-5.241545893719804,54.2391304347826,42.874396135265705,-2.8019323671497642,4.520891464908596,-50.339581635425155,low
Capital Small Finance Bank Ltd.,2024-02-14,468,-7.05,2.62,883,-8.493589743589745,-27.47863247863248,-26.880341880341884,-31.517094017094017,-35.18162393162393,2.590208618896102,-40.219538968166844,low
Apeejay Surrendra Park Hotels Ltd.,2024-02-12,155,31.32,31.25,885,27.32258064516129,11.548387096774198,17.54838709677419,16.303225806451618,7.27741935483871,2.8250383048814967,-37.841409691629956,medium
BLS E-Services Ltd.,2024-02-06,135,171.11,226.49,891,129.11111111111111,138.03703703703704,117.59259259259258,64.85925925925926,35.05185185185184,3.8019963416111984,-57.99223932907748,high
Nova AgriTech Ltd.,2024-01-31,41,40.85,78.22,897,79.39024390243901,54.87804878048781,25.609756097560975,97.53658536585364,48.85365853658537,3.344999217798899,-36.892774150713734,medium
EPACK Durable Ltd.,2024-01-30,230,-9.74,6.44,898,-14.565217391304348,-19.717391304347824,-11.565217391304346,14.03478260869564,100.71739130434783,3.119999026115534,-31.548221374639994,low
Medi Assist Healthcare Services Ltd.,2024-01-23,418,11.03,3.07,905,7.679425837320579,22.260765550239235,15.93301435406699,33.49282296650718,38.09808612440192,2.8481641108224016,-19.2091210852937,medium
Jyoti CNC Automation Ltd.,2024-01-16,331,31.18,26.48,912,27.114803625377643,89.87915407854985,124.15407854984896,265.785498489426,260.8610271903324,4.609140023255392,-26.933549194201202,medium
Gujarat Kidney & Super Speciality Ltd.,2025-12-30,114,-8.3,18.31,198,-11.5,-6.877192982456143,-11.105263157894733,13.359649122807008,,1.7687037991454102,-13.29798367403894,low
KSH International Ltd.,2025-12-23,384,-7.55,0.93,205,-10.416666666666668,-5.6640625,13.255208333333327,130.78125,,3.1432123148344306,-14.61150500694393,low
ICICI Prudential Asset Management Co.Ltd.,2025-12-19,2165,19.44,2.42,209,21.4688221709007,35.58891454965358,30.2540415704388,50.13856812933025,,2.3278764967808114,-14.59365079365079,medium
Park Medi World Ltd.,2025-12-17,162,-8.67,3.24,211,-8.419753086419744,-6.53703703703704,20.20987654320988,68.20987654320987,,2.5503231369080637,-13.111111111111109,low
Nephrocare Health Services Ltd.,2025-12-17,460,2.45,2.29,211,3.3478260869565166,9.83695652173913,12.01086956521739,55.086956521739125,,2.6043840023285263,-17.388078159782346,low
Corona Remedies Ltd.,2025-12-15,1062,35.44,29.29,213,27.54237288135593,38.907721280602644,44.87758945386064,62.740112994350284,,2.095898252322478,-10.033323235383211,medium
Wakefit Innovations Ltd.,2025-12-15,195,-1.39,3.07,213,-4.271794871794878,-8.764102564102567,-16.93333333333334,-41.148717948717945,,2.6504861514436517,-47.61816496756256,low
Vidya Wires Ltd.,2025-12-10,52,2.25,29.35,218,-0.11538461538461975,-6.384615384615386,0.7500000000000011,80.01923076923076,,2.3496219619664984,-25.57894736842105,low
Aequs Ltd.,2025-12-10,124,22.01,78.08,218,28.06451612903227,13.774193548387107,2.0887096774193576,50.81451612903225,,2.656156956788447,-27.512594458438294,medium
Meesho Ltd.,2025-12-10,111,53.23,19.12,218,94.90090090090091,53.477477477477485,26.414414414414406,51.315315315315324,,4.450688504025073,-42.78982892558474,high
Sudeep Pharma Ltd.,2025-11-28,593,30.55,15.14,230,11.880269814502537,4.974704890387859,10.834738617200674,13.77740303541316,,2.875520388585086,-31.537815668798036,medium
Excelsoft Technologies Ltd.,2025-11-26,120,4.97,16.01,232,-17.275000000000006,-26.55,-33.43333333333334,-26.98333333333333,,3.7250326986027558,-47.03500833531793,low
Capillary Technologies India Ltd.,2025-11-21,577,5.11,15.4,237,11.611785095320624,16.507798960138647,-6.256499133448877,-10.303292894280771,,3.7366881295955348,-35.66892030321655,low
Fujiyama Power Systems Ltd.,2025-11-20,228,-8.58,1.01,238,-8.324561403508767,-14.368421052631575,-5.061403508771926,18.48684210526315,,2.174154462657538,-22.29777777777777,low
Tenneco Clean Air India Ltd.,2025-11-19,397,23.63,5.26,239,23.614609571788414,21.448362720403015,38.48866498740553,50.21410579345089,,2.6336883276041734,-14.984263452828744,medium
PhysicsWallah Ltd.,2025-11-18,109,42.42,1.06,240,24.394495412844037,20.07339449541284,-3.9633027522935715,4.449541284403664,,3.74673970656395,-48.75032208193765,medium
Emmvee Photovoltaic Power Ltd.,2025-11-18,217,1.11,1.11,240,-1.0276497695852487,-20.308755760368662,-4.585253456221193,18.89400921658986,,3.713973055308053,-28.659240924092412,low
Pine Labs Ltd.,2025-11-14,221,13.52,1.2,244,6.846153846153843,7.303167420814473,-7.995475113122167,-26.615384615384613,,2.546354323851952,-45.01972976204711,medium
Billionbrains Garage Ventures Ltd.,2025-11-12,100,31.33,9.17,246,69.88999999999999,45.129999999999995,68.62,93.52000000000001,,4.307589625518136,-24.28881707898502,medium
Lenskart Solutions Ltd.,2025-11-10,402,0.27,7.48,248,7.325870646766167,0.808457711442786,13.75621890547264,21.703980099502488,,2.7884455411729006,-14.55753823743628,low
Studds Accessories Ltd.,2025-11-07,585,-4.22,21.55,251,-5.547008547008555,-8.384615384615376,-13.538461538461535,-16.188034188034187,,1.8104431134861259,-23.89488339714584,low
Orkla India Ltd.,2025-11-06,730,-2.24,6.8,252,-8.924657534246572,-13.582191780821914,-24.479452054794525,-11.041095890410963,,1.882920396184997,-24.689974076928458,low
Midwest Ltd.,2025-10-24,1065,7.09,24.56,265,8.093896713615027,13.671361502347409,25.042253521126767,24.10328638497653,,4.042201010014472,-39.88134841428255,low
Canara HSBC Life Insurance Co.Ltd.,2025-10-17,106,5.11,0.4,272,14.839622641509436,13.5,34.9245283018868,38.179245283018865,,2.023170660749873,-12.530057841034639,low
Rubicon Research Ltd.,2025-10-16,485,29.53,36.48,273,23.742268041237107,47.17525773195875,40.4639175257732,69.02061855670102,,2.6373306422844505,-17.100121277455866,medium
Canara Robeco Asset Management Co.Ltd.,2025-10-16,266,12.95,1.86,273,21.37218045112783,9.812030075187979,6.165413533834578,-3.0676691729323404,,2.568282796480337,-38.03479749001712,medium
LG Electronics India Ltd.,2025-10-14,1140,48.24,3.39,275,46.42105263157895,46.77192982456141,21.868421052631575,29.622807017543863,,1.3339608899990931,-21.959879282797807,medium
Tata Capital Ltd.,2025-10-13,326,1.38,1.06,276,-0.1993865030674777,-0.24539877300613847,10.429447852760736,0.1840490797546082,,1.379874617602597,-17.632415986723828,low
WeWork India Management Ltd.,2025-10-10,648,-2.99,0.57,279,-0.27777777777777074,-2.484567901234571,-4.8996913580246915,-27.229938271604937,,1.3837200522897142,-34.151613401266026,low
Advance Agrolife Ltd.,2025-10-08,100,8.3,22.17,281,10.450000000000003,37.31999999999999,32.71000000000001,-3.2300000000000035,,4.057850075724795,-42.427322626550115,low
Om Freight Forwarders Ltd.,2025-10-08,135,-36.61,2.77,281,-32.68888888888888,-32.8962962962963,-31.940740740740743,-46.82962962962963,,2.675836936378023,-41.47203140333661,low
Glottis Ltd.,2025-10-07,129,-35.12,1.43,282,-42.55038759689923,-46.33333333333333,-53.325581395348834,-66.75193798449612,,2.4926718762535507,-54.43794050889977,low
Fabtech Technologies Ltd.,2025-10-07,191,-4.5,2.04,282,-1.3350785340314195,21.534031413612563,2.1518324607329915,-24.560209424083766,,3.4929390542972305,-47.57448807799224,low
Pace Digitek Ltd.,2025-10-06,219,-0.46,1.05,283,-1.931506849315064,-0.0684931506849341,-13.721461187214617,-29.397260273972602,,2.00068018106197,-37.82301583819594,low
Trualt Bioenergy Ltd.,2025-10-03,496,7.05,11.37,286,4.778225806451622,-10.060483870967737,-19.294354838709676,-17.1875,,2.9774878140131524,-38.49336155474313,low
Jinkushal Industries Ltd.,2025-10-03,121,0.55,46.64,286,-8.561983471074381,-9.247933884297519,-24.99173553719008,-57.933884297520656,,2.90995061945347,-61.286378087551974,low
Epack Prefab Technologies Ltd.,2025-10-01,204,-6.54,1.7,288,-7.421568627450974,26.77450980392157,31.446078431372538,-35.2107843137255,,4.468207344086501,-59.95455234055447,low
BMW Ventures Ltd.,2025-10-01,99,-25.15,0.96,288,-38.81818181818182,-33.313131313131315,-42.13131313131313,-50.83838383838384,,2.6691113775698727,-34.31848852901484,low
Jain Resource Recycling Ltd.,2025-10-01,232,37.09,3.72,288,40.19827586206896,66.40086206896552,72.32758620689656,96.76724137931035,,3.1748899123448795,-46.58792650918635,medium
Anand Rathi Share & Stock Brokers Ltd.,2025-09-30,414,7.62,4.95,289,7.753623188405803,23.03140096618358,48.56280193236714,5.978260869565218,,3.412015149470432,-45.97842237870663,low
Seshaasai Technologies Ltd.,2025-09-30,423,-2.73,9.24,289,-3.321513002364069,-12.458628841607561,-36.21749408983451,-48.0,,2.10984234003738,-50.348281887012234,low
Jaro Institute of Technology Management & Research Ltd.,2025-09-30,890,-16.38,9.01,289,-21.36516853932584,-31.67977528089888,-45.078651685393254,-51.86516853932584,,3.3382686775143147,-50.800304878048784,low
Solarworld Energy Solutions Ltd.,2025-09-30,351,-7.83,50.69,289,-12.991452991452999,-7.079772079772086,-20.28490028490028,-59.387464387464384,,3.1506431180855055,-57.87529550827423,low
Atlanta Electricals Ltd.,2025-09-29,754,9.2,10.54,290,18.91246684350133,29.469496021220166,24.728116710875337,64.27718832891249,,3.483195658441619,-32.743772571534414,low
Ganesh Consumer Products Ltd.,2025-09-29,322,-8.6,1.13,290,-5.1086956521739095,-12.29813664596274,-32.18944099378882,-48.31055900621118,,2.567318480292639,-49.10816560301097,low
GK Energy Ltd.,2025-09-26,153,9.63,21.34,293,15.392156862745104,44.810457516339866,1.8235294117647005,-34.9281045751634,,3.921664148973789,-61.33859280538525,low
Saatvik Green Energy Ltd.,2025-09-26,465,-5.23,2.72,293,-3.4408602150537635,9.333333333333329,-17.655913978494628,-18.451612903225808,,3.131123762789208,-39.52329164400943,low
Ivalue Infosolutions Ltd.,2025-09-25,299,-5.74,1.22,294,-4.966555183946496,-13.010033444816047,-7.073578595317718,-26.464882943143813,,2.7307137246550677,-34.94492044063648,low
VMS TMT Ltd.,2025-09-24,99,0.66,46.34,295,-16.49494949494949,-29.101010101010104,-45.343434343434346,-59.97979797979798,,2.295764997361357,-65.36879076768692,low
Euro Pratik Sales Ltd.,2025-09-23,247,0.56,1.23,296,0.716599190283405,10.566801619433209,21.417004048582985,-13.097165991902832,,2.947172151729092,-44.958093242535355,low
Shringar House of Mangalsutra Ltd.,2025-09-17,165,12.05,26.66,302,14.927272727272726,19.46060606060607,21.05454545454546,13.44848484848485,,2.265470035079671,-36.2674711677996,medium
Dev Accelerator Ltd.,2025-09-17,61,5.0,160.88,302,-11.42622950819672,-29.95081967213115,-28.622950819672134,-40.786885245901644,,2.837142464511553,-51.88134270101483,low
Urban Co.Ltd.,2025-09-17,103,61.97,40.1,302,70.29126213592234,48.45631067961165,18.291262135922334,9.94174757281553,,3.1309503209806975,-44.82407754511862,high
Amanta Healthcare Ltd.,2025-09-09,126,12.5,53.59,310,12.6031746031746,5.52380952380953,-20.023809523809526,-20.063492063492063,,1.9652760708173078,-35.274485764882165,medium
Anlon Healthcare Ltd.,2025-09-03,91,0.8,45.82,316,-88.28571428571429,-86.06593406593406,-82.70329670329672,-87.73626373626374,,3.3495698512044356,-35.8244365361803,low
Vikran Engineering Ltd.,2025-09-03,97,-1.33,11.27,316,9.329896907216492,0.19587628865979145,2.4639175257731964,-31.484536082474236,,2.922052817536812,-54.82242339832869,low
Mangal Electrical Industries Ltd.,2025-08-28,561,-4.57,4.99,322,-0.8645276292335157,-16.666666666666664,-27.103386809269164,-56.3458110516934,,2.3165729436248927,-62.50292187359526,low
Shreeji Shipping Global Ltd.,2025-08-26,252,1.23,21.57,324,0.3968253968253968,-0.13888888888888665,18.71031746031745,61.25000000000001,,2.5065975842278454,-22.43136314590577,low
Gem Aromatics Ltd.,2025-08-26,325,-1.83,10.29,324,-13.015384615384617,-21.846153846153847,-47.92923076923078,-39.97846153846154,,3.4886652758474885,-57.80285221752077,low
Vikram Solar Ltd.,2025-08-26,332,7.35,7.77,324,-1.957831325301205,0.6024096385542169,-17.198795180722897,-42.060240963855414,,2.4634834280059845,-56.24604012671595,low
Patel Retail Ltd.,2025-08-26,255,12.82,41.68,324,-1.3137254901960762,-8.882352941176473,-5.082352941176474,-27.921568627450977,,2.2029551588433374,-47.43830378866875,medium
Regaal Resources Ltd.,2025-08-20,102,29.0,55.61,330,10.088235294117654,2.254901960784311,-13.04901960784314,-41.98039215686274,,2.5424685382746866,-55.40355677154582,medium
BlueStone Jewellery & Lifestyle Ltd.,2025-08-19,517,5.61,1.32,331,4.816247582205024,16.566731141199224,10.135396518375238,-15.522243713733076,,3.919665108181817,-47.0016420361248,low
All Time Plastics Ltd.,2025-08-14,275,3.02,5.23,336,10.527272727272722,-0.6545454545454586,2.145454545454537,-2.523636363636363,,2.732092839277071,-42.87498096543324,low
JSW Cement Ltd.,2025-08-14,147,-0.63,1.84,336,4.748299319727884,1.1700680272108834,-16.85034013605442,-17.52380952380953,,1.6825951663965704,-32.13545266067726,low
Highway Infrastructure Ltd.,2025-08-12,70,72.5,159.72,338,55.257142857142874,25.4,2.2999999999999994,-23.899999999999995,,2.400891604028976,-67.63685123836567,high
Sri Lotus Developers & Realty Ltd.,2025-08-06,150,30.45,21.13,344,30.020000000000003,22.620000000000005,18.54666666666666,-1.6000000000000039,,2.1337507909624653,-50.97487724650808,medium
M&B Engineering Ltd.,2025-08-06,385,6.14,33.54,344,13.129870129870133,7.480519480519483,16.935064935064933,-20.584415584415584,,2.7873695480381024,-55.964997569275646,low
Laxmi India Finance Ltd.,2025-08-05,158,-15.12,2.17,345,-5.5443037974683484,4.443037974683551,-6.721518987341775,-41.75949367088608,,4.894618156275894,-59.259680445783815,low
Aditya Infotech Ltd.,2025-08-05,675,60.39,52.56,345,57.26666666666665,105.40740740740742,96.38518518518518,104.74074074074073,,2.906413648038341,-20.372843951448992,high
Shanti Gold International Ltd.,2025-08-01,199,15.27,30.42,349,20.54773869346733,10.412060301507537,14.844221105527634,4.266331658291462,,2.3623883442255487,-38.09090909090909,medium
Brigade Hotel Ventures Ltd.,2025-07-31,90,-5.2,6.59,350,-10.011111111111116,-3.2222222222222285,-6.800000000000004,-34.400000000000006,,1.6861142811191907,-38.73169657602114,low
Indiqube Spaces Ltd.,2025-07-30,237,-8.03,13.41,351,-14.375527426160334,-7.611814345991558,-6.523206751054856,-20.371308016877638,,2.0964680980495207,-43.86768661735036,low
GNG Electronics Ltd.,2025-07-30,237,40.67,48.2,351,30.40084388185654,44.219409282700425,36.91983122362869,6.329113924050633,,2.9260355652556402,-37.92706333973128,medium
Anthem Biosciences Ltd.,2025-07-21,570,28.13,5.74,360,32.614035087719294,47.52631578947368,32.91228070175439,8.228070175438592,,2.231036766865084,-31.474840948525163,medium
Smartworks Coworking Spaces Ltd.,2025-07-17,407,9.35,3.59,364,4.4717444717444685,11.793611793611793,34.25061425061425,16.781326781326783,,2.2045156740933756,-38.60545619385148,low
Travel Food Services Ltd.,2025-07-14,1100,-2.29,0.69,367,4.25454545454545,4.345454545454541,22.218181818181826,4.527272727272723,19.9909090909091,2.484325297237503,-24.848790322580637,low
Crizac Ltd.,2025-07-09,245,25.56,10.54,372,44.01632653061223,24.897959183673468,18.24489795918367,13.755102040816322,-19.04897959183673,3.2001058563559526,-52.72945891783567,medium
Indogulf Cropsciences Ltd.,2025-07-03,111,-0.59,15.33,378,-2.351351351351351,-0.06306306306305692,-7.2612612612612635,-26.396396396396394,-37.108108108108105,2.8115372340846485,-54.44264943457189,low
Sambhv Steel Tubes Ltd.,2025-07-02,82,19.01,8.35,379,47.29268292682927,51.69512195121951,32.878048780487795,15.621951219512198,40.573170731707314,3.300955806617017,-41.088045812455256,medium
HDB Financial Services Ltd.,2025-07-02,740,13.64,1.43,379,13.594594594594597,1.1283783783783814,1.391891891891886,2.729729729729736,0.020270270270267197,1.2143419649734737,-35.190972222222214,medium
Globe Civil Projects Ltd.,2025-07-01,71,33.04,52.61,380,8.084507042253513,15.661971830985921,0.5352112676056274,-15.901408450704224,-41.70422535211267,2.3897323586742116,-64.15413931822994,medium
Ellenbarrie Industrial Gases Ltd.,2025-07-01,400,33.65,2.14,380,51.17500000000001,44.412499999999994,19.8125,-13.125,-34.8,2.6901152598756854,-70.56905266590576,medium
Kalpataru Ltd.,2025-07-01,414,4.58,1.35,380,3.8285024154589427,-4.190821256038653,-8.913043478260864,-16.811594202898554,-27.77777777777778,1.9171632419273585,-40.20094699156947,low
Oswal Pumps Ltd.,2025-06-20,614,1.85,3.59,391,12.817589576547238,17.964169381107485,29.41368078175896,-12.508143322475561,-31.123778501628667,2.5760466782048113,-66.82879377431907,low
Scoda Tubes Ltd.,2025-06-04,140,5.0,20.23,407,26.607142857142858,46.58571428571429,25.092857142857138,19.849999999999994,-12.235714285714284,3.1905113572427237,-45.099515362537055,low
Prostarm Info Systems Ltd.,2025-06-03,105,20.0,38.12,408,11.495238095238088,37.65714285714285,82.28571428571429,64.80952380952381,31.361904761904768,5.011255096970704,-51.83423062476524,medium
Aegis Vopak Terminals Ltd.,2025-06-02,235,2.98,0.78,409,9.821276595744674,3.591489361702126,5.434042553191494,10.872340425531918,-16.8468085106383,2.7835936171146556,-44.89893308790946,low
Schloss Bangalore Ltd.,2025-06-02,435,0.13,0.83,409,-0.05747126436781609,-6.0344827586206895,-8.172413793103452,-5.344827586206897,-5.8735632183908075,1.8564699547748507,-16.27632144391921,low
Belrise Industries Ltd.,2025-05-28,90,8.23,4.4,414,8.011111111111104,18.655555555555562,57.09999999999999,77.04444444444445,142.36666666666667,2.982119214959901,-14.670335599438866,low
Borana Weaves Ltd.,2025-05-27,216,18.13,192.74,415,1.291666666666663,1.7546296296296258,0.10648148148147674,36.61111111111111,54.58333333333333,1.9802887990994402,-27.86470871449206,medium
Ather Energy Ltd.,2025-05-06,321,-5.83,1.76,436,-5.716510903426799,-3.847352024922125,23.348909657320867,115.56074766355142,179.61059190031153,2.431912353661832,-21.479401971665467,low
Quality Power Electrical Equipments Ltd.,2025-02-24,425,-8.73,1.72,507,-14.541176470588239,-24.69411764705882,0.6941176470588208,85.57647058823531,108.15294117647059,4.7704956063952375,-44.34676891424296,low
Hexaware Technologies Ltd.,2025-02-19,708,7.7,0.1,512,16.214689265536716,2.9096045197740144,11.525423728813562,3.0084745762711798,-23.82062146892655,2.526967174588303,-39.46349402323362,low
Ajax Engineering Ltd.,2025-02-17,629,-5.34,1.89,514,-4.109697933227348,2.7344992050874475,6.780604133545307,12.416534181240067,-22.655007949125597,2.981918780207778,-36.51488616462346,low
Dr.Agarwal's Health Care Ltd.,2025-02-04,402,-0.09,0.39,527,1.206467661691548,3.221393034825868,-13.258706467661693,12.400497512437816,12.027363184079608,2.1635586263029976,-26.307081403044343,low
Denta Water & Infra Solutions Ltd.,2025-01-29,294,16.07,89.36,533,14.421768707482984,0.5272108843537454,-0.23809523809523422,8.537414965986402,-10.935374149659856,4.153526035621461,-44.94814498022025,medium
Stallion India Fluorochemicals Ltd.,2025-01-23,90,40.0,94.51,539,14.355555555555558,-18.711111111111116,-19.72222222222222,29.98888888888888,119.33333333333334,4.868886400317008,-59.782792325328835,medium
Laxmi Dental Ltd.,2025-01-20,428,28.63,75.35,542,16.28504672897196,-14.40420560747663,-5.070093457943923,12.68691588785047,-46.15654205607477,4.33071516708762,-58.14185814185814,medium
Quadrant Future Tek Ltd.,2025-01-14,290,53.1,256.63,548,87.62068965517243,96.86206896551724,74.3103448275862,63.12068965517241,14.25862068965518,7.344324961489883,-64.69642981904562,high
Indo Farm Equipment Ltd.,2025-01-07,215,27.3,102.57,555,7.1581395348837145,1.6232558139534927,-35.055813953488375,-19.069767441860467,-5.772093023255812,4.387350888741189,-49.73722102231822,medium
