ipo_company_name,ipo_issue_type,ipo_issue_price_final,il_ipo_listing_date,il_bse_script_code,il_nse_script_symbol,ipo_issue_size_in_amt,change_in_percentage_listing_day,ipo_profit_loss,ildt_open_price,ildt_close_price,ildt_high_price,ildt_low_price,qib,nii,rii,emp,total,last_modified_date,Year
Prince Pipes & Fittings Ltd.,IPO,178,2019-12-30T00:00:00.000Z,542907,PRINCEPIPE,4999999530,-6.24,50.06,160,166.9,177.9,152.5,2.02,0.52,1.63,,1.66,14-07-2026,2019
Manaksia Ltd.,FPO,160,2019-12-26T00:00:00.000Z,,,2480000000,4.81,0,175.3,167.7,212,161.7,13.7,1.51,4.67,0.49,8.66,14-07-2026,2019
Ujjivan Small Finance Bank Ltd.,IPO,37,2019-12-12T00:00:00.000Z,542904,UJJIVANSFB,7459459434,51.22,76.08,58.75,55.95,62.8,53.05,46.3,473.33,45.29,,99.61,14-07-2026,2019
CSB Bank Ltd.,IPO,195,2019-12-04T00:00:00.000Z,542867,CSBBANK,4096768065,53.87,82.69,275,300.05,306.8,275,25.52,164.27,40.98,,47.88,14-07-2026,2019
Precision Pipes & Profiles Co.Ltd.,IPO,150,2019-12-02T00:00:00.000Z,,,750000000,-9.27,0,165,136.1,175,132,5.39,8.26,19.02,,10.59,14-07-2026,2019
Vishwaraj Sugar Industries Ltd.,IPO,60,2019-10-15T00:00:00.000Z,542852,VISHWARAJ,600000000,0.58,-54.92,61.2,60.35,61.5,60.25,1,1.75,0.59,,1.09,14-07-2026,2019
Indian Railway Catering & Tourism Corp.Ltd.,IPO,320,2019-10-14T00:00:00.000Z,542830,IRCTC,6379722720,127.42,676.64,626,727.75,743.8,625,105.55,351.03,13.28,0.88,109.21,14-07-2026,2019
Sterling & Wilson Solar Ltd.,IPO,780,2019-08-20T00:00:00.000Z,542760,SWSOLAR,28496379600,-6.9,-68.97,706,726.2,753.45,690.1,1,0.94,0.93,,0.99,14-07-2026,2019
Spandana Sphoorty Financial Ltd.,IPO,856,2019-08-19T00:00:00.000Z,542759,SPANDANA,11898494160,-0.96,-64.61,825,847.8,866,691.1,1.89,0.49,0.09,,1.05,14-07-2026,2019
Affle (India) Ltd.,IPO,745,2019-08-08T00:00:00.000Z,542752,AFFLE,4589999385,17.27,917.75,926,873.65,958.7,750,22.57,198.34,10.23,,47.7,14-07-2026,2019
IndiaMART InterMESH Ltd.,IPO,973,2019-07-04T00:00:00.000Z,542726,INDIAMART,4754919726,33.81,97.4,1180,1301.95,1338,1180,12.95,62.08,13.15,3.98,20.31,14-07-2026,2019
Barak Valley Cements Ltd.,IPO,42,2019-07-01T00:00:00.000Z,,,237720000,31.67,0,62.6,55.3,67,52,24.17,21.63,38.65,1.13,28.3,14-07-2026,2019
Neogen Chemicals Ltd.,IPO,215,2019-05-08T00:00:00.000Z,542665,NEOGEN,1323499795,22.58,899.4,251,263.55,263.55,250.5,12.94,114.06,15.38,,28.96,14-07-2026,2019
Polycab India Ltd.,IPO,538,2019-04-16T00:00:00.000Z,542652,POLYCAB,13452597046,21.71,1671.45,633,654.8,667.8,630,37.88,108.64,4.36,1.43,36.51,14-07-2026,2019
Metropolis Healthcare Ltd.,IPO,880,2019-04-15T00:00:00.000Z,542650,METROPOLIS,12042883600,9.07,-36.49,958,959.85,982.7,935,4.19,2.75,2.05,0.03,3.68,14-07-2026,2019
Rail Vikas Nigam Ltd.,IPO,19,2019-04-11T00:00:00.000Z,542649,RVNL,4768609479,0.26,1096.32,19,19.05,19.8,18.65,1.36,0.67,2.64,0.54,1.7,14-07-2026,2019
Embassy Office Parks,REIT,300,2019-04-01T00:00:00.000Z,542602,EMBASSY,47499960000,4.89,47.7,308,314.67,324.8,308,1.48,2.94,,,1.69,14-07-2026,2019
MSTC Ltd.,IPO,120,2019-03-29T00:00:00.000Z,542597,MSTCLTD,2110380800,-5.04,443.79,115,113.95,120,111,1.13,1.69,2.65,1.22,1.36,14-07-2026,2019
Chalet Hotels Ltd.,IPO,280,2019-02-07T00:00:00.000Z,542399,CHALET,16411799880,4.18,205,291,291.7,300,250,2.51,0.99,0.02,,1.41,14-07-2026,2019
Xelpmoc Design & Tech Ltd.,IPO,66,2019-02-04T00:00:00.000Z,542367,XELPMOC,230044740,-9.32,28.48,57,59.85,59.85,55.15,1.68,8.21,2.31,,2.72,14-07-2026,2019
Mrs.Bectors Food Specialities Ltd.,IPO,288,2020-12-24T00:00:00.000Z,543253,BECTORFOOD,5405399163,106.32,190.28,500,594.2,600,500,71.83,619.66,25.44,1.89,137.63,14-07-2026,2020
Burger King India Ltd.,IPO,60,2020-12-14T00:00:00.000Z,543248,RBA,8100000000,125,17.93,112.5,135,135,108.4,35.18,357.06,56.92,,85.64,14-07-2026,2020
Gland Pharma Ltd.,IPO,1500,2020-11-20T00:00:00.000Z,543245,GLAND,64795452000,21.3,65.81,1710,1819.55,1850,1700,3.16,0.5,0.19,,1.72,14-07-2026,2020
Equitas Small Finance Bank Ltd.,IPO,33,2020-11-02T00:00:00.000Z,543243,EQUITASBNK,5175999972,-0.61,142.33,31.1,32.8,33.15,30.05,2.15,0.16,1.53,1.53,1.53,14-07-2026,2020
Likhitha Infrastructure Ltd.,IPO,120,2020-10-15T00:00:00.000Z,543240,LIKHITHA,612000000,13.75,303.25,130,136.5,136.5,125,21,1.45,19.48,,7.96,14-07-2026,2020
UTI Asset Management Co.Ltd.,IPO,554,2020-10-12T00:00:00.000Z,543238,UTIAMC,21598842874,-14.04,77.92,500,476.2,529.95,471.1,1.96,0.58,1.97,0.96,1.75,14-07-2026,2020
Mazagon Dock Shipbuilders Ltd.,IPO,145,2020-10-12T00:00:00.000Z,543237,MAZDOCK,4436857465,18.59,3154.9,214.9,171.95,216.95,171.95,89.87,673.67,32.15,3.85,155.51,14-07-2026,2020
Angel Broking Ltd.,IPO,306,2020-10-05T00:00:00.000Z,543235,ANGELONE,5999997510,-9.87,990.03,275,275.8,296.7,257,2.9,0.51,3.36,,2.7,14-07-2026,2020
Computer Age Management Services Ltd.,IPO,1230,2020-10-01T00:00:00.000Z,543232,CAMS,22431228288,13.95,211.57,1518,1401.6,1550,1306.2,29.9,111.31,4.85,0.54,33.02,14-07-2026,2020
Chemcon Speciality Chemicals Ltd.,IPO,340,2020-10-01T00:00:00.000Z,543233,CHEMCON,3179999940,72,-45.59,731,584.8,731.25,584.8,44.62,445.91,35.79,,101.72,14-07-2026,2020
Route Mobile Ltd.,IPO,350,2020-09-21T00:00:00.000Z,543228,ROUTE,5999999600,86.09,63.03,717,651.3,735,625,37.31,193.78,11.54,,51.76,14-07-2026,2020
Happiest Minds Technologies Ltd.,IPO,166,2020-09-17T00:00:00.000Z,543227,HAPPSTMNDS,7020155106,123.46,136.78,350,370.95,394.95,350,31.96,348.43,60.3,,82.26,14-07-2026,2020
Mindspace Business Parks,REIT,275,2020-08-07T00:00:00.000Z,543217,MINDSPACE,44999955000,10.44,78.76,302,303.7,307.2,300,4.89,15.54,,,5.91,14-07-2026,2020
Yes Bank Ltd.,FPO,12,2020-07-27T00:00:00.000Z,532648,YESBANK,1.5E+11,2.5,96.83,12.3,12.3,12.3,12.3,1.37,1.2,0.41,0.29,1,14-07-2026,2020
Rossari Biotech Ltd.,IPO,425,2020-07-23T00:00:00.000Z,543213,ROSSARI,4962499750,74.51,23.69,669.25,741.65,803.1,664,34.83,236.79,6.2,,55.11,14-07-2026,2020
SBI Cards & Payment Services Ltd.,IPO,755,2020-03-16T00:00:00.000Z,543066,SBICARD,1.03408E+11,-9.75,-15.44,661,681.4,755,656,23.41,43.42,2.17,4.65,19.21,14-07-2026,2020
CMS Info Systems Ltd.,IPO,216,2021-12-31T00:00:00.000Z,543441,CMSINFO,10999999800,10.28,23.29,220.2,238.2,259.6,215.1,1.44,0.86,1.26,,1.29,14-07-2026,2021
Supriya Lifescience Ltd.,IPO,274,2021-12-28T00:00:00.000Z,543434,SUPRIYA,6999999930,42.65,217.66,421,390.85,421,383.2,13.76,162.87,49.31,,39.68,14-07-2026,2021
HP Adhesives Ltd.,IPO,274,2021-12-27T00:00:00.000Z,543433,HPAL,1259632800,20.71,-36.24,315,330.75,330.75,315,1.32,18.21,47.27,,8.45,14-07-2026,2021
Data Patterns (India) Ltd.,IPO,585,2021-12-24T00:00:00.000Z,543428,DATAPATTNS,5882241690,29.06,620.44,856.05,755,864,743.85,74.99,254.89,20.21,,82.8,14-07-2026,2021
Medplus Health Services Ltd.,IPO,796,2021-12-23T00:00:00.000Z,543427,MEDPLUS,13982948546,40.85,2.29,1040,1121.15,1143.9,1040,46.21,86.27,4.17,1.37,37.36,14-07-2026,2021
Metro Brands Ltd.,IPO,500,2021-12-22T00:00:00.000Z,543426,METROBRAND,13675050000,-1.33,110.08,437,493.35,507.9,426,4.01,2.69,0.63,,2.63,14-07-2026,2021
C.E.Info systems Ltd.,IPO,1033,2021-12-21T00:00:00.000Z,543425,MAPMYINDIA,10396055185,34.91,14.02,1565,1393.65,1590,1282.6,79.28,423.61,13.18,,107.8,14-07-2026,2021
Shriram Properties Ltd.,IPO,118,2021-12-20T00:00:00.000Z,543419,SHRIRAMPPS,6000417731,-15.59,-25.97,90,99.6,106.4,90,1.37,2.52,8.05,0.86,2.2,14-07-2026,2021
Rategain Travel Technologies Ltd.,IPO,425,2021-12-17T00:00:00.000Z,543417,RATEGAIN,13357430650,-19.99,124.2,360,340.05,383,333.85,3.97,41.63,5.46,0.98,9.73,14-07-2026,2021
Anand Rathi Wealth Ltd.,IPO,550,2021-12-14T00:00:00.000Z,543415,ANANDRATHI,6593750000,6.1,278.45,600,583.55,615,565.55,1.63,24.4,5.62,1.07,6.33,14-07-2026,2021
Tega Industries Ltd.,IPO,453,2021-12-13T00:00:00.000Z,543413,TEGA,6192273534,60.28,268.38,760,726.05,767.7,712.25,86.54,661.87,25.84,,151.6,14-07-2026,2021
Star Health & Allied Insurance Co.Ltd.,IPO,900,2021-12-10T00:00:00.000Z,543412,STARHEALTH,60186843380,0.76,-33.58,845,906.85,940,828,1.01,0.67,0.59,0.82,0.95,14-07-2026,2021
Go Fashion (India) Ltd.,IPO,690,2021-11-30T00:00:00.000Z,543401,GOCOLORS,10136088270,81.7,-50.31,1310,1253.7,1339.9,1143.1,40.74,259.01,42.26,,73.63,14-07-2026,2021
Tarsons Products Ltd.,IPO,662,2021-11-26T00:00:00.000Z,543399,TARSONS,10235405977,23.63,-53.4,682,818.4,818.4,680,46.9,183.36,8.89,0.82,53.86,14-07-2026,2021
Latent View Analytics Ltd.,IPO,197,2021-11-23T00:00:00.000Z,543398,LATENTVIEW,5999999832,148.1,52.28,512.2,488.75,548,461.1,60.57,875.55,106.09,1.51,185.32,14-07-2026,2021
One 97 Communications Ltd.,IPO,2150,2021-11-18T00:00:00.000Z,543396,PAYTM,1.83E+11,-27.4,-35.72,1950,1560.8,1955,1560,1.76,0.23,1.27,,1.48,14-07-2026,2021
Sapphire Foods India Ltd.,IPO,1180,2021-11-18T00:00:00.000Z,543397,SAPPHIRE,20732530380,2.67,-22.88,1350,1211.55,1380.05,1160,3.64,3.12,6.65,,3.86,14-07-2026,2021
S.J.S.Enterprises Ltd.,IPO,542,2021-11-15T00:00:00.000Z,543387,SJS,7999999132,-5.87,298.39,542,510.2,551,505.6,1.28,1.82,0.77,,1.18,14-07-2026,2021
Sigachi Industries Ltd.,IPO,163,2021-11-15T00:00:00.000Z,543389,SIGACHI,1254285000,267.18,44.36,570,598.5,598.5,570,32.54,163.23,68.94,,64.89,14-07-2026,2021
PB Fintech Ltd.,IPO,980,2021-11-15T00:00:00.000Z,543390,POLICYBZR,57097149060,22.68,59.91,1150,1202.3,1248.9,1149,11.61,8.02,2.65,,10.17,14-07-2026,2021
Fino Payments Bank Ltd.,IPO,577,2021-11-12T00:00:00.000Z,543386,FINOPB,12002929985,-5.74,-69.32,544.35,543.9,582.95,511.05,1.26,0.15,3.78,0.38,1.34,14-07-2026,2021
FSN E-Commerce Ventures Ltd.,IPO,1125,2021-11-10T00:00:00.000Z,543384,NYKAA,53497241750,96.07,-71.18,2018,2205.8,2248,2000,37.54,110.16,10.28,1.1,45.47,14-07-2026,2021
Aditya Birla Sun Life AMC Ltd.,IPO,712,2021-10-11T00:00:00.000Z,543374,ABSLAMC,27682560000,-1.76,60.62,715,699.45,722.9,695.35,4.74,2.71,2.36,,3.58,14-07-2026,2021
Paras Defence & Space Technologies Ltd.,IPO,175,2021-10-01T00:00:00.000Z,543367,PARAS,1707785800,181.4,1274.74,469,492.45,492.45,460,70.75,962.89,100.8,,215.09,14-07-2026,2021
Sansera Engineering Ltd.,IPO,744,2021-09-24T00:00:00.000Z,543358,SANSERA,12825203784,10.02,334.99,811.5,818.55,841.95,801,11.19,11.16,2.34,1.36,8.03,14-07-2026,2021
Ami Organics Ltd.,IPO,610,2021-09-14T00:00:00.000Z,543349,,5696355680,53.28,467.2,910,935,966.7,841,34.65,155.84,11.3,,44.66,14-07-2026,2021
Vijaya Diagnostic Centre Ltd.,IPO,531,2021-09-14T00:00:00.000Z,543350,VIJAYA,18944313760,16.78,160.17,540,620.1,648,532.5,5.84,0.88,0.7,0.78,3.29,14-07-2026,2021
Aptus Value Housing Finance India Ltd.,IPO,353,2021-08-24T00:00:00.000Z,543335,APTUS,27800515000,-1.73,-17.76,333,346.9,354.8,333,13.58,32.71,1.04,,12.06,14-07-2026,2021
Chemplast Sanmar Ltd.,IPO,541,2021-08-24T00:00:00.000Z,543336,CHEMPLASTS,38499999369,-1,-63.69,550,535.6,550,510,1.72,1.02,1.64,,1.61,14-07-2026,2021
Nuvoco Vistas Corp.Ltd.,IPO,570,2021-08-23T00:00:00.000Z,543334,NUVOCO,49999999290,-6.72,-40.09,485,531.7,550,485,2.34,0.6,0.53,,1.45,14-07-2026,2021
CarTrade Tech Ltd.,IPO,1618,2021-08-20T00:00:00.000Z,543333,CARTRADE,29985125488,-7.23,78.88,1599.8,1501.05,1618,1475,14.73,39.85,2.3,,14.15,14-07-2026,2021
Krsnaa Diagnostics Ltd.,IPO,954,2021-08-16T00:00:00.000Z,543328,KRSNAA,12133345950,3.46,-42.71,1005.55,987,1099.7,960,20.55,114.47,37.15,0.58,35.65,14-07-2026,2021
Devyani International Ltd.,IPO,90,2021-08-16T00:00:00.000Z,543330,DEVYANI,18379999620,37.22,23.78,140.9,123.5,140.9,120.8,38.63,212.03,34,1.88,64.01,14-07-2026,2021
Exxaro Tiles Ltd.,IPO,120,2021-08-16T00:00:00.000Z,543327,EXXARO,1607829007,10.25,-45.67,126,132.3,132.3,126,7.81,4.56,32.2,0.95,16.12,14-07-2026,2021
Windlas Biotech Ltd.,IPO,460,2021-08-16T00:00:00.000Z,543329,WINDLAS,4015350580,-11.49,85.21,437,407.15,452,405,10.23,14.76,20.59,,14.54,14-07-2026,2021
Rolex Rings Ltd.,IPO,900,2021-08-09T00:00:00.000Z,543325,ROLEXRINGS,7309999800,29.67,62.89,1250,1167,1263,1105,57.88,355.67,21.67,,89.88,14-07-2026,2021
Glenmark Life Sciences Ltd.,IPO,720,2021-08-06T00:00:00.000Z,543322,ALIVUS,15135999840,3.96,61.25,750,748.5,799,738,15.51,124.82,12.98,,31.02,14-07-2026,2021
Tatva Chintan Pharma Chem Ltd.,IPO,1083,2021-07-29T00:00:00.000Z,543321,TATVA,4999998732,113.5,30.65,2111.85,2312.2,2534.2,2111.85,76.15,503.11,31.37,,124.52,14-07-2026,2021
Zomato Ltd.,IPO,76,2021-07-23T00:00:00.000Z,543320,ETERNAL,93749999956,65.59,276.25,115,125.85,138,114,22.53,34.44,6.34,0.43,22.58,14-07-2026,2021
G R Infraprojects Ltd.,IPO,837,2021-07-19T00:00:00.000Z,543317,GRINFRA,9623660328,108.73,8.2,1715.85,1747.1,1838,1550,68.18,236.95,11.11,0.97,72.11,14-07-2026,2021
Clean Science & Technology Ltd.,IPO,900,2021-07-19T00:00:00.000Z,543318,CLEAN,15466213800,76.14,-15.76,1755,1585.25,1770.65,1555.05,65.42,206.03,8.09,,66.45,14-07-2026,2021
India Pesticides Ltd.,IPO,296,2021-07-05T00:00:00.000Z,543311,IPL,7999999696,15.93,-47.47,350,343.15,368,340.05,18.11,52.96,9.66,,20.38,14-07-2026,2021
Dodla Dairy Ltd.,IPO,428,2021-06-28T00:00:00.000Z,543306,DODLA,5201769904,42.5,155.51,550,609.9,652,550,34.55,73.33,9.7,,31.67,14-07-2026,2021
Krishna Institute of Medical Sciences Ltd.,IPO,825,2021-06-28T00:00:00.000Z,543308,KIMS,21437443169,20.84,388.73,1009,996.95,1059,950,2.74,1.81,2.13,0.83,2.52,14-07-2026,2021
Shyam Metalics & Energy Ltd.,IPO,306,2021-06-24T00:00:00.000Z,543299,SHYAMMETL,9087973605,22.92,238.38,380,376.15,399,370,63.52,334.48,10,0.45,84.58,14-07-2026,2021
Sona BLW Precision Forgings Ltd.,IPO,291,2021-06-24T00:00:00.000Z,543300,SONACOMS,55499999859,24.12,129.04,301,361.2,361.2,295,2.03,0.36,1.21,,1.69,14-07-2026,2021
POWERGRID Infrastructure Investment Trust,InvIT,100,2021-05-14T00:00:00.000Z,543290,PGINVIT,77349910000,2.99,-3.01,104,102.99,104.9,102.75,2.51,4.62,,,3.04,14-07-2026,2021
Macrotech Developers Ltd.,IPO,486,2021-04-19T00:00:00.000Z,543287,LODHA,24999999408,-4.27,136.91,436,465.25,478,422.6,1.83,1.02,0.24,0.13,1.14,14-07-2026,2021
Barbeque-Nation Hospitality Ltd.,IPO,500,2021-04-07T00:00:00.000Z,543283,BARBEQUE,4528735000,17.56,48.25,489.85,587.8,587.8,481.85,2.65,3.06,9.22,0.26,3.35,14-07-2026,2021
Nazara Technologies Ltd.,IPO,1101,2021-03-30T00:00:00.000Z,543280,NAZARA,5826905682,44.6,-44.81,1990,1592,2024.9,1592,42.3,387.66,67.76,1.46,96.29,14-07-2026,2021
Kalyan Jewellers India Ltd.,IPO,87,2021-03-26T00:00:00.000Z,543278,KALYANKJIL,11748160810,-13.56,508.97,73.95,75.2,81,72.9,1.75,1.35,2.18,1.21,1.84,14-07-2026,2021
Suryoday Small Finance Bank Ltd.,IPO,305,2021-03-26T00:00:00.000Z,543279,SURYODAY,5819830420,-8.92,-38.67,292,277.8,296.35,255,1.47,1.18,2.35,0.24,1.7,14-07-2026,2021
Craftsman Automation Ltd.,IPO,1490,2021-03-25T00:00:00.000Z,543276,CRAFTSMAN,8236959890,-3.65,514.21,1359,1435.6,1490,1350,2.7,2.27,2.73,,2.64,14-07-2026,2021
Laxmi Organic Industries Ltd.,IPO,130,2021-03-25T00:00:00.000Z,543277,LXCHEM,5999999980,26.5,28.85,155.5,164.45,174.6,143.25,71.29,218.79,18.03,,74.78,14-07-2026,2021
Anupam Rasayan India Ltd.,IPO,555,2021-03-24T00:00:00.000Z,543275,ANURAS,7599999725,-5.08,127.46,520,526.8,548.95,502.25,27.06,97.7,9.42,1.17,31,14-07-2026,2021
Easy Trip Planners Ltd.,IPO,187,2021-03-19T00:00:00.000Z,543272,EASEMYTRIP,5099999949,11.47,-92.55,212.25,208.45,234,187.2,31.83,383.34,62.95,,87.67,14-07-2026,2021
MTAR Technologies Ltd.,IPO,575,2021-03-15T00:00:00.000Z,543270,MTARTECH,5964140925,88.26,1015.04,1050,1082.5,1154.9,1040,66.64,643.47,25.3,,138.7,14-07-2026,2021
Heranba Industries Ltd.,IPO,627,2021-03-05T00:00:00.000Z,543266,HERANBA,6252404499,0,-71.21,900,627,945,796.55,27.59,266.77,10.52,,57.49,14-07-2026,2021
RailTel Corp.of India Ltd.,IPO,94,2021-02-26T00:00:00.000Z,543265,RAILTEL,8192416686,29.1,222.93,109,121.35,127.85,101,26.74,72.48,14.76,0.91,29.24,14-07-2026,2021
Nureca Ltd.,IPO,400,2021-02-25T00:00:00.000Z,543264,NURECA,1000000000,61.44,-31.52,615,645.75,645.75,584.25,1.85,30.19,140.53,0.13,19.76,14-07-2026,2021
Brookfield India Real Estate Trust,REIT,275,2021-02-16T00:00:00.000Z,543261,BIRET,37999995000,-2.21,23.69,281.7,268.93,281.7,258,2.52,11.34,,,4.72,14-07-2026,2021
Stove Kraft Ltd.,IPO,385,2021-02-05T00:00:00.000Z,543260,STOVEKRAFT,4126249820,15.83,100.3,498,445.95,498,435,3.86,31.64,21.05,,9.75,14-07-2026,2021
Home First Finance Co.India Ltd.,IPO,518,2021-02-03T00:00:00.000Z,543259,HOMEFIRST,11537184008,1.84,135.88,618.8,527.55,640,522,21.91,37.68,5.76,,18.62,14-07-2026,2021
Indigo Paints Ltd.,IPO,1490,2021-02-02T00:00:00.000Z,543258,INDIGOPNTS,11691238780,109.2,-30.37,2607.5,3117.15,3129,2436.05,76.5,261.93,13.74,1.16,81.62,14-07-2026,2021
Indian Railway Finance Corp.Ltd.,IPO,26,2021-01-29T00:00:00.000Z,543257,IRFC,46333794000,-4.62,241.27,24.9,24.8,25.8,24.35,2.14,2.34,2.88,0.94,2.43,14-07-2026,2021
Antony Waste Handling Cell Ltd.,IPO,315,2021-01-01T00:00:00.000Z,543254,AWHCL,2999853675,29.32,45.78,436.1,407.35,489.9,395.55,4.46,18.57,13.72,,9.82,14-07-2026,2021
Elin Electronics Ltd.,IPO,247,2022-12-30T00:00:00.000Z,543725,ELIN,4749994262,-7.83,-58.68,244,227.65,245,225.6,2.53,3.35,2.26,,2.56,14-07-2026,2022
KFin Technologies Ltd.,IPO,366,2022-12-29T00:00:00.000Z,543720,KFINTECH,14999999796,-0.59,145.51,367,363.85,373,351,2.41,0.12,1.38,,1.96,14-07-2026,2022
Abans Holdings Ltd.,IPO,270,2022-12-23T00:00:00.000Z,543712,AFSL,3456000000,-19.11,-25.31,273,218.4,273,218.4,4.09,1.47,0.39,,1.08,14-07-2026,2022
Landmark Cars Ltd.,IPO,506,2022-12-23T00:00:00.000Z,543714,LANDMARK,5519998928,-9.41,-0.29,471,458.4,481.15,446.2,4.34,1.34,0.59,1.26,2.58,14-07-2026,2022
Sula Vineyards Ltd.,IPO,357,2022-12-22T00:00:00.000Z,543711,SULA,9603489210,-7.24,-58.33,358,331.15,363.4,328.6,2.33,1.45,1.58,,1.93,14-07-2026,2022
Uniparts India Ltd.,IPO,577,2022-12-12T00:00:00.000Z,543689,UNIPARTS,8356080534,-6.47,17.45,575,539.65,577,536.5,26.93,19.55,4.63,,17.98,14-07-2026,2022
Dharmaj Crop Guard Ltd.,IPO,237,2022-12-08T00:00:00.000Z,543687,DHARMAJ,2510920988,12.36,8.88,266.05,266.3,279,264.3,19.61,60.64,22.62,1.86,26.69,14-07-2026,2022
Keystone Realtors Ltd.,IPO,541,2022-11-24T00:00:00.000Z,543669,RUSTOMJEE,6349998861,2.93,-22.22,555,556.85,569.95,548,2.36,2.82,0.53,,1.79,14-07-2026,2022
Inox Green Energy Services Ltd.,IPO,65,2022-11-23T00:00:00.000Z,543667,INOXGREEN,7399999880,-9.08,185.92,60,59.1,64,58.35,1.1,0.49,4.91,,1.39,14-07-2026,2022
Kaynes Technology India Ltd.,IPO,587,2022-11-22T00:00:00.000Z,543664,KAYNES,8578197288,17.54,460.13,778,689.95,786,675.1,40.45,20.67,4.21,2.36,24.76,14-07-2026,2022
Archean Chemical Industries Ltd.,IPO,407,2022-11-21T00:00:00.000Z,543657,ACI,14623049683,12.57,31.3,450,458.15,476,440.2,20.35,13.77,10.06,,18.34,14-07-2026,2022
Five-Star Business Finance Ltd.,IPO,474,2022-11-21T00:00:00.000Z,543663,FIVESTAR,15885115074,3.38,15.36,468.8,490,543.6,448.2,1.68,0.82,0.14,,1.01,14-07-2026,2022
Global Health Ltd.,IPO,336,2022-11-16T00:00:00.000Z,543654,MEDANTA,22055695872,23.6,293.07,401,415.3,424.65,390.55,12.42,3.95,0.87,,7.11,14-07-2026,2022
Bikaji Foods International Ltd.,IPO,300,2022-11-16T00:00:00.000Z,543653,BIKAJI,8808643950,5.82,111.95,322.8,317.45,334.7,314.2,30.19,7.06,4.64,0.95,17.63,14-07-2026,2022
Fusion Micro Finance Ltd.,IPO,368,2022-11-15T00:00:00.000Z,543652,FUSION,11039931184,-11.74,-37.46,359.5,324.8,364.8,321.1,4.03,1.04,0.5,,2.35,14-07-2026,2022
DCX Systems Ltd.,IPO,207,2022-11-11T00:00:00.000Z,543650,DCXINDIA,4999999509,49.18,-6.52,286.25,308.8,319.75,286.25,37.02,46.05,63.7,,41.04,14-07-2026,2022
Tracxn Technologies Ltd.,IPO,80,2022-10-20T00:00:00.000Z,543638,TRACXN,3093776640,16.56,-62.75,84.5,93.25,100,83,1.37,0.71,4.64,,1.6,14-07-2026,2022
Electronics Mart India Ltd.,IPO,59,2022-10-17T00:00:00.000Z,543626,EMIL,4999999958,43.22,123.9,90,84.5,91,83.1,71.85,66.93,20.33,,53.08,14-07-2026,2022
Harsha Engineers International Ltd.,IPO,330,2022-09-26T00:00:00.000Z,543600,HARSHA,7549984440,47.42,26.2,450,486.5,527.65,430,76.81,69.41,17.95,2.23,54.91,14-07-2026,2022
Tamilnad Mercantile Bank Ltd.,IPO,510,2022-09-15T00:00:00.000Z,543596,TMB,8078400000,-0.07,52.75,495,509.65,515,481,1.26,2.89,6,,1.98,14-07-2026,2022
Dreamfolks Services Ltd.,IPO,326,2022-09-06T00:00:00.000Z,543591,DREAMFOLKS,5621011968,41.84,-78.93,508.7,462.4,549,448,28.84,36.57,35.33,,30.65,14-07-2026,2022
Syrma SGS Technology Ltd.,IPO,220,2022-08-26T00:00:00.000Z,543573,SYRMA,8401259020,41.14,544.91,260,310.5,312,256.4,39.83,17.68,4.37,,24.1,14-07-2026,2022
Aether Industries Ltd.,IPO,642,2022-06-03T00:00:00.000Z,543534,AETHER,8080439910,20.62,124.06,704,774.4,774.4,701,8.34,2.48,0.59,0.99,4.72,14-07-2026,2022
eMudhra Ltd.,IPO,256,2022-06-01T00:00:00.000Z,543533,EMUDHRA,4127860736,0.74,79.08,270,257.9,279,256,2.17,0.7,1.45,,1.7,14-07-2026,2022
Ethos Ltd.,IPO,878,2022-05-30T00:00:00.000Z,543532,ETHOSLTD,4022557000,-8.53,199.5,825,803.1,839.95,773,1.37,1.93,0.24,,1.06,14-07-2026,2022
Paradeep Phosphates Ltd.,IPO,42,2022-05-27T00:00:00.000Z,543530,PARADEEP,15017314704,4.52,237.02,44,43.9,47.25,43,1.99,0.67,0.86,,1.39,14-07-2026,2022
Delhivery Ltd.,IPO,487,2022-05-24T00:00:00.000Z,543529,DELHIVERY,52349998032,10.13,5.06,495.2,536.35,568.9,467.5,1.73,0.04,0.27,0.11,1.33,14-07-2026,2022
Venus Pipes & Tubes Ltd.,IPO,326,2022-05-24T00:00:00.000Z,543528,VENUSPIPES,1654156600,8.7,442.96,337.5,354.35,354.35,337,5.36,14.76,13.33,,9.56,14-07-2026,2022
Prudent Corporate Advisory Services Ltd.,IPO,630,2022-05-20T00:00:00.000Z,543527,PRUDENT,4282840335,-10.83,373.13,650,561.75,650,541,1.57,0.74,0.37,1.01,1.03,14-07-2026,2022
Life Insurance Corp.of India,IPO,949,2022-05-17T00:00:00.000Z,543526,LICI,2.05572E+11,-7.77,-54.15,872,875.25,918.95,860,1.73,2.43,1.61,2.95,2.05,14-07-2026,2022
Rainbow Children's Medicare Ltd.,IPO,542,2022-05-10T00:00:00.000Z,543524,RAINBOW,15808487458,-16.94,173.48,510,450.2,517.9,421.65,16.13,3.81,0.78,0.15,8.82,14-07-2026,2022
Campus Activewear Ltd.,IPO,292,2022-05-09T00:00:00.000Z,543523,CAMPUS,13997695870,29.76,-22,360,378.9,418,337,61.38,21.54,6.22,0.69,35.95,14-07-2026,2022
Hariom Pipe Industries Ltd.,IPO,153,2022-04-13T00:00:00.000Z,543517,HARIOMPIPE,1300500000,50.98,161.27,220,231,231,215.2,1.87,6.8,6.94,,5.37,14-07-2026,2022
Veranda Learning Solutions Ltd.,IPO,137,2022-04-11T00:00:00.000Z,543514,VERANDA,1999999980,-4.2,67.66,125,131.25,131.25,125,1.78,3.81,4.4,,2.35,14-07-2026,2022
Ruchi Soya Industries Ltd.,FPO,650,2022-04-08T00:00:00.000Z,500368,PATANJALI,42999999900,42.07,-37.28,855,923.45,938.7,825.75,1.36,12.04,0.67,0.7,2.72,14-07-2026,2022
Uma Exports Ltd.,IPO,68,2022-04-07T00:00:00.000Z,543513,UMAEXPORTS,600000040,17.35,-68.76,76,79.8,79.8,76,2.95,1.39,5.81,,4.47,14-07-2026,2022
Vedant Fashions Ltd.,IPO,866,2022-02-16T00:00:00.000Z,543463,MANYAVAR,31491949708,7.8,-54.14,935,933.55,992.7,920,3.61,0.81,0.16,,1.99,14-07-2026,2022
Adani Wilmar Ltd.,IPO,230,2022-02-08T00:00:00.000Z,543458,AWL,35999999465,16.63,-17.7,227,268.25,271.25,227,2.96,59.83,3.39,0.44,13.44,14-07-2026,2022
AGS Transact Technologies Ltd.,IPO,175,2022-01-31T00:00:00.000Z,543451,AGSTRA,6799999675,-7.97,-98.67,175,161.05,181.85,154,1.76,24.6,1.88,,5.23,14-07-2026,2022
Innova Captab Ltd.,IPO,448,2023-12-29T00:00:00.000Z,544067,INNOVACAP,5699999872,20.85,121.6,452.1,541.4,542.5,452.1,46.93,65.01,17.02,,39.17,14-07-2026,2023
Azad Engineering Ltd.,IPO,524,2023-12-28T00:00:00.000Z,544061,AZAD,7399984592,29.29,357.05,720,677.5,727,670,72.25,90.49,23.95,0.97,57.77,14-07-2026,2023
RBZ Jewellers Ltd.,IPO,100,2023-12-27T00:00:00.000Z,544060,RBZJEWEL,1000000000,5,53.95,100,105,105,96,6.19,9.12,24.78,,13.58,14-07-2026,2023
Credo Brands Marketing Ltd.,IPO,280,2023-12-27T00:00:00.000Z,544058,MUFTI,5497788800,11.5,-69.45,282.35,312.2,324.8,261.6,43.39,52.27,19.47,,36.35,14-07-2026,2023
Happy Forgings Ltd.,IPO,850,2023-12-27T00:00:00.000Z,544057,HAPPYFORGE,10085931700,21.27,87.22,1000,1030.8,1087.4,961.25,86.32,63.14,15.02,,57.89,14-07-2026,2023
Muthoot Microfin Ltd.,IPO,291,2023-12-26T00:00:00.000Z,544055,MUTHOOTMF,9599998574,-8.54,-17.84,275.3,266.15,281,265.5,7.98,13.59,7.82,1.08,8.68,14-07-2026,2023
Motisons Jewellers Ltd.,IPO,55,2023-12-26T00:00:00.000Z,544053,MOTISONS,1510905000,88.27,157.45,109,103.55,109.8,103.55,64.92,705.88,117.44,,213.54,14-07-2026,2023
Suraj Estate Developers Ltd.,IPO,360,2023-12-26T00:00:00.000Z,544054,SURAJEST,3999999960,-7.08,-43.82,340,334.5,354.45,324.05,10.92,19.89,9.54,,11.78,14-07-2026,2023
Inox India Ltd.,IPO,660,2023-12-21T00:00:00.000Z,544046,INOXINDIA,14593230300,42.42,180.05,949.65,939.95,990,855.1,59.58,52.74,14.68,,42.84,14-07-2026,2023
India Shelter Finance Corp.Ltd.,IPO,493,2023-12-20T00:00:00.000Z,544044,INDIASHLTR,11999998624,10.49,65.35,620,544.7,630,531,38.26,29.76,10.07,,27.12,14-07-2026,2023
DOMS Industries Ltd.,IPO,790,2023-12-20T00:00:00.000Z,544045,DOMS,11999998150,67.85,190.56,1400,1326.05,1434,1302,49.34,69.44,70.14,1.64,54.19,14-07-2026,2023
Flair Writing Industries Ltd.,IPO,304,2023-12-01T00:00:00.000Z,544030,FLAIR,5929999712,48.32,-14.01,501,450.9,514.4,450.9,49.32,35.58,13.37,,34.68,14-07-2026,2023
Tata Technologies Ltd.,IPO,500,2023-11-30T00:00:00.000Z,544028,TATATECH,30425139000,162.6,51.31,1200,1313,1400,1200,81.79,62.87,16.01,0.47,51.18,14-07-2026,2023
Gandhar Oil Refinery (India) Ltd.,IPO,169,2023-11-30T00:00:00.000Z,544029,GANDHAR,5006917708,78.34,20.41,298,301.4,344.05,295.3,52.11,64.99,29.09,,45.99,14-07-2026,2023
Fedbank Financial Services Ltd.,IPO,140,2023-11-30T00:00:00.000Z,544027,FEDFINA,10922641102,0.18,10.5,138,140.25,148.25,133,2.03,1.51,1.8,0.44,1.85,14-07-2026,2023
Indian Renewable Energy Development Agency Ltd.,IPO,32,2023-11-29T00:00:00.000Z,544026,IREDA,21502117664,87.5,281.56,50,60,60,50,42.69,22.98,7.53,0.58,27.35,14-07-2026,2023
ASK Automotive Ltd.,IPO,282,2023-11-15T00:00:00.000Z,544022,ASKAUTOLTD,8339131980,9.96,65.14,303.3,310.1,316.7,303.3,57.55,35.43,5.55,,36.03,14-07-2026,2023
Protean eGov Technologies Ltd.,IPO,792,2023-11-13T00:00:00.000Z,544021,PROTEAN,4899508200,11.49,-25.55,792,883,890.9,775,19.37,31.98,8.7,0.33,17.11,14-07-2026,2023
ESAF Small Finance Bank Ltd.,IPO,60,2023-11-10T00:00:00.000Z,544020,ESAFSFB,4629999905,15.08,-41.75,71,69.05,74.8,68.55,73.45,88.93,17.83,1.05,54.68,14-07-2026,2023
Honasa Consumer Ltd.,IPO,324,2023-11-07T00:00:00.000Z,544014,HONASA,17014403868,4.04,46.6,330,337.1,340.45,321.1,5.22,4.02,1.31,0.67,4.65,14-07-2026,2023
Cello World Ltd.,IPO,648,2023-11-06T00:00:00.000Z,544012,CELLO,18999999127,22.18,-43.62,829,791.7,837.4,782,49.78,24.45,3.17,1.05,29.5,14-07-2026,2023
Blue Jet Healthcare Ltd.,IPO,346,2023-11-01T00:00:00.000Z,544009,BLUEJET,8402665360,19.48,75,380,413.4,417.95,378,6.2,13.48,2.25,,5.91,14-07-2026,2023
IRM Energy Ltd.,IPO,505,2023-10-26T00:00:00.000Z,544004,IRMENERGY,5449961808,-6.31,-47.64,477.25,473.15,483.7,450,18.33,48.98,9.07,0.39,19.3,14-07-2026,2023
Plaza Wires Ltd.,IPO,54,2023-10-12T00:00:00.000Z,544003,PLAZACABLE,712808532,48.52,-20.37,76,80.2,80.2,75.7,26.2,387.25,360.04,,113.74,14-07-2026,2023
Valiant Laboratories Ltd.,IPO,140,2023-10-06T00:00:00.000Z,543998,VALIANTLAB,1524600000,21.61,-55.71,162.15,170.25,170.25,162.1,8.78,73.74,15.72,,20.95,14-07-2026,2023
Updater Services Ltd.,IPO,300,2023-10-04T00:00:00.000Z,543996,UDS,6399999900,-5.37,-36.28,285,283.9,298.65,282,2.44,0.87,1.39,,2.1,14-07-2026,2023
JSW Infrastructure Ltd.,IPO,119,2023-10-03T00:00:00.000Z,543994,JSWINFRA,27999999923,32.18,190.8,143,157.3,157.3,142.2,24.64,16.74,10.44,,22.03,14-07-2026,2023
Manoj Vaibhav Gems 'N' Jewellers Ltd.,IPO,215,2023-10-03T00:00:00.000Z,543995,MVGJL,2701999815,0.23,-22.72,215,215.5,222,210.1,1.04,5.35,1.67,,1.91,14-07-2026,2023
Yatra Online Ltd.,IPO,142,2023-09-28T00:00:00.000Z,543992,YATRA,7750000030,-4.3,-22.22,127.5,135.9,138.55,127.5,1.46,0.42,2.08,,1.37,14-07-2026,2023
Sai Silks (Kalamandir) Ltd.,IPO,222,2023-09-27T00:00:00.000Z,543989,KALAMANDIR,12009983994,10.32,-55.29,231,244.9,247,230.95,5.51,2.56,0.87,,3.45,14-07-2026,2023
Signatureglobal (India) Ltd.,IPO,385,2023-09-27T00:00:00.000Z,543990,SIGNATURE,7299999630,19.1,113.6,444,458.55,474,444,6.19,14.23,6.97,,7.47,14-07-2026,2023
SAMHI Hotels Ltd.,IPO,126,2023-09-22T00:00:00.000Z,543984,SAMHI,13700999970,13.81,38.85,134.5,143.4,146.6,127.25,4.32,1.26,1.11,,3.54,14-07-2026,2023
Zaggle Prepaid Ocean Services Ltd.,IPO,164,2023-09-22T00:00:00.000Z,543985,ZAGGLE,5633769820,-3.45,29.73,164,158.35,176,155.3,7.45,9.13,5.94,,7.55,14-07-2026,2023
EMS Ltd.,IPO,211,2023-09-21T00:00:00.000Z,543983,EMSLIMITED,3212459175,32.65,103.39,282.05,279.9,291,268,60.31,83.76,29.28,,52.97,14-07-2026,2023
R R Kabel Ltd.,IPO,1035,2023-09-20T00:00:00.000Z,543981,RRKABEL,19640094970,15.75,126.63,1180,1198.05,1212.7,1136.8,21.62,12.98,2.05,0.99,13.4,14-07-2026,2023
Jupiter Life Line Hospitals Ltd.,IPO,735,2023-09-18T00:00:00.000Z,543980,JLHL,8690759805,46.36,101.91,973,1075.75,1108.95,970,75.72,36.44,7.66,,46.01,14-07-2026,2023
Ratnaveer Precision Engineering Ltd.,IPO,98,2023-09-11T00:00:00.000Z,543978,RATNAVEER,1650320000,31.99,79.8,123.2,129.35,129.35,123,53.61,134.18,52.84,,65.42,14-07-2026,2023
Rishabh Instruments Ltd.,IPO,441,2023-09-11T00:00:00.000Z,543977,RISHABH,4907826378,0.49,47.76,460.05,443.15,470,432.35,29.51,31.39,8.16,,22.32,14-07-2026,2023
Vishnu Prakash R.Punglia Ltd.,IPO,99,2023-09-05T00:00:00.000Z,543974,VPRPL,3086100000,47.17,-73.21,165,145.7,165,144,69.2,111.9,31.02,12.65,61.76,14-07-2026,2023
Aeroflex Industries Ltd.,IPO,108,2023-08-31T00:00:00.000Z,543972,AEROFLEX,3510000000,51.16,281.16,190,163.25,196.35,162.3,76.9,131.4,34.55,,69.39,14-07-2026,2023
Pyramid Technoplast Ltd.,IPO,166,2023-08-29T00:00:00.000Z,543969,PYRAMID,1530520000,7.02,-0.72,187,177.65,188,177.65,4.69,32.25,14.24,,14.98,14-07-2026,2023
TVS Supply Chain Solutions Ltd.,IPO,197,2023-08-23T00:00:00.000Z,543965,TVSSCS,8799999850,2.03,-29.14,207.05,201,208.6,199,1.16,2.38,7.53,,1.98,14-07-2026,2023
Concord Biotech Ltd.,IPO,741,2023-08-18T00:00:00.000Z,543960,CONCORDBIO,15505208132,27.23,79.01,900.05,942.8,987.7,900.05,27.62,16.94,3.7,3.31,17.64,14-07-2026,2023
SBFC Finance Ltd.,IPO,57,2023-08-16T00:00:00.000Z,543959,SBFC,10249999845,61.75,61.61,82,92.2,95.45,82,82,52.08,11.15,6.15,52.23,14-07-2026,2023
Yatharth Hospital & Trauma Care Services Ltd.,IPO,300,2023-08-07T00:00:00.000Z,543950,YATHARTH,6865506900,11.28,176.6,306.1,333.85,343.1,306.1,35.04,38.54,8.38,,26.24,14-07-2026,2023
Netweb Technologies India Ltd.,IPO,500,2023-07-27T00:00:00.000Z,543945,NETWEB,6310000000,82.08,779.49,947,910.4,952,876.05,88.64,84.21,18.74,1.29,63.41,14-07-2026,2023
Utkarsh Small Finance Bank Ltd.,IPO,25,2023-07-21T00:00:00.000Z,543942,UTKARSHBNK,5000000000,92,-40.04,40,48,48,37.2,54.91,88.11,76.14,1.45,61.41,14-07-2026,2023
Senco Gold Ltd.,IPO,317,2023-07-14T00:00:00.000Z,543936,SENCO,4049999925,27.85,138.64,430,405.3,444,401.2,76.81,68.13,15.73,,54.13,14-07-2026,2023
Cyient DLM Ltd.,IPO,265,2023-07-10T00:00:00.000Z,543933,CYIENTDLM,5919999565,58.72,100.62,403,420.6,427,403,39.02,47.07,50.38,0.74,40.27,14-07-2026,2023
ideaForge Technology Ltd.,IPO,672,2023-07-07T00:00:00.000Z,543932,IDEAFORGE,5672445827,92.7,34.29,1300,1294.95,1343.95,1260,51.13,78.41,82.03,2.36,58.23,14-07-2026,2023
HMA Agro Industries Ltd.,IPO,585,2023-07-04T00:00:00.000Z,543929,HMAAGRO,4799999295,0.11,-62.7,625,585.65,667,570,1.35,3.13,0.96,,1.48,14-07-2026,2023
IKIO Lighting Ltd.,IPO,285,2023-06-16T00:00:00.000Z,543923,IKIO,6064999785,41.7,-24.82,392.5,403.85,427.5,392,66.57,61.16,13.77,,47.28,14-07-2026,2023
Nexus Select Trust,REIT,100,2023-05-19T00:00:00.000Z,,,32000000000,4.29,64.9,103,104.29,104.75,103,2.66,5.99,,,3.5,14-07-2026,2023
Mankind Pharma Ltd.,IPO,1080,2023-05-09T00:00:00.000Z,543904,MANKIND,43263551520,0,134.31,1300,1080,1430,1300,20.32,3.59,0.89,,11.01,14-07-2026,2023
Avalon Technologies Ltd.,IPO,436,2023-04-18T00:00:00.000Z,543896,AVALON,8649998456,-8.72,301.12,436,398,436,387.15,2.12,0.37,0.84,,1.73,14-07-2026,2023
Udayshivakumar Infra Ltd.,IPO,35,2023-04-03T00:00:00.000Z,543861,USK,659999970,-10,-36.09,0,31.5,31.5,29.15,40.11,64.49,14.73,,32.2,14-07-2026,2023
Global Surfaces Ltd.,IPO,140,2023-03-23T00:00:00.000Z,543829,GSLSU,1549800000,22.18,-74.64,164,171.05,172.2,156.1,4.25,33.22,4.98,,8.85,14-07-2026,2023
Divgi TorqTransfer Systems Ltd.,IPO,590,2023-03-14T00:00:00.000Z,543812,DIVGIITTS,4121203100,2.58,60.69,620,605.2,620,560,3.76,1.37,4.17,,3.44,14-07-2026,2023
Sah Polymers Ltd.,IPO,65,2023-01-12T00:00:00.000Z,543743,SAH,663000000,37.31,34.92,85,89.25,89.25,85,1.52,32.79,38.62,,9.92,14-07-2026,2023
Radiant Cash Management Services Ltd.,IPO,94,2023-01-04T00:00:00.000Z,543732,RADIANTCMS,2566414243,11.6,-60.54,103,104.9,116.8,98.1,1.68,1.07,0.3,,1.1,14-07-2026,2023
Unimech Aerospace & Manufacturing Ltd.,IPO,785,2024-12-31T00:00:00.000Z,544322,UNIMECH,4999999410,75.32,53.08,1460,1376.25,1485,1327.75,133.73,275.23,57.86,1.36,128.02,14-07-2026,2024
Ventive Hospitality Ltd.,IPO,643,2024-12-30T00:00:00.000Z,544321,VENTIVE,15999999464,9.54,-4.19,716,704.35,749,702,4.43,14.54,6.19,0.55,6.12,14-07-2026,2024
Carraro India Ltd.,IPO,704,2024-12-30T00:00:00.000Z,544320,CARRARO,12499999424,-9.63,-20.65,651,636.2,682,631,1.56,0.59,0.72,,1.12,14-07-2026,2024
Senores Pharmaceuticals Ltd.,IPO,391,2024-12-30T00:00:00.000Z,544319,SENORES,5821099693,42.66,270.95,593.7,557.8,609,538.85,40.12,98.1,94.87,1.01,54.02,14-07-2026,2024
Transrail Lighting Ltd.,IPO,432,2024-12-27T00:00:00.000Z,544317,TRANSRAILL,8389119456,28.14,15.51,590,553.55,605,544.5,79.49,78.1,23.08,0.39,58.2,14-07-2026,2024
Concord Enviro Systems Ltd.,IPO,701,2024-12-27T00:00:00.000Z,544315,CEWATER,5003262021,17.99,-54.45,826,827.1,860,801,7.39,14.4,5.68,,7.84,14-07-2026,2024
Sanathan Textiles Ltd.,IPO,321,2024-12-27T00:00:00.000Z,544314,SANATHAN,5499999876,20.98,37.07,422.3,388.35,423,382,32.51,44.26,9.3,,26.15,14-07-2026,2024
DAM Capital Advisors Ltd.,IPO,283,2024-12-27T00:00:00.000Z,544316,DAMCAPITAL,8402524700,46.68,-44.38,393,415.1,456.9,392.95,67.08,98.1,27.22,1.47,57.65,14-07-2026,2024
Mamata Machinery Ltd.,IPO,243,2024-12-27T00:00:00.000Z,544318,MAMATA,1793488620,159.26,56.67,600,630,630,600,94.92,272.75,139.29,1.27,136.48,14-07-2026,2024
International Gemmological Institute (India) Ltd.,IPO,417,2024-12-20T00:00:00.000Z,544311,IGIL,42249999891,12.99,-17.59,510,471.15,525,459,19.83,25.84,11.48,1.09,19.89,14-07-2026,2024
Inventurus Knowledge Solutions Ltd.,IPO,1329,2024-12-19T00:00:00.000Z,544309,IKS,24979232790,47.54,41.4,1900,1960.85,2031,1852.1,32.84,23.13,14.65,0.53,29.46,14-07-2026,2024
Vishal Mega Mart Ltd.,IPO,78,2024-12-18T00:00:00.000Z,544307,VMM,79999999950,43.5,46.6,104,111.93,114.4,104,34.65,14.96,2.44,,20.42,14-07-2026,2024
Sai Life Sciences Ltd.,IPO,549,2024-12-18T00:00:00.000Z,544306,SAILIFE,30426196527,39.28,130.87,650,764.65,780,650,12.54,4.99,1.36,,7.5,14-07-2026,2024
One Mobikwik Systems Ltd.,IPO,279,2024-12-18T00:00:00.000Z,544305,MOBIKWIK,5719999968,89.25,-17.53,440,528,528,440,50.81,114.38,143.52,,69.61,14-07-2026,2024
Property Share Investment Trust-PropShare Platina,SM REIT,1050000,2024-12-10T00:00:00.000Z,,,3529050000,-0.1,2.38,1050000,1048945.7,1050050,1021000,0.49,3.44,,,1.22,14-07-2026,2024
Suraksha Diagnostic Ltd.,IPO,441,2024-12-06T00:00:00.000Z,544293,SURAKSHA,8462494530,0,-40.96,438,441,449,414.95,1.31,1.39,0.88,,1.17,14-07-2026,2024
Enviro Infra Engineers Ltd.,IPO,148,2024-11-29T00:00:00.000Z,544290,EIEL,6503004000,39.91,53.65,220,207.07,233.7,205.05,63.5,152.57,23.86,1.06,62.85,14-07-2026,2024
NTPC Green Energy Ltd.,IPO,108,2024-11-27T00:00:00.000Z,544289,NTPCGREEN,99999999702,12.64,-12.81,111.5,121.65,122.65,111.5,2.01,0.84,3.6,0.45,1.91,14-07-2026,2024
Zinka Logistics Solutions Ltd.,IPO,273,2024-11-22T00:00:00.000Z,544288,BLACKBUCK,11147223321,-4.69,114.05,279.05,260.2,285.8,255.25,1.53,0.23,1.6,0.86,1.34,14-07-2026,2024
Niva Bupa Health Insurance Co.Ltd.,IPO,74,2024-11-14T00:00:00.000Z,544286,NIVABUPA,21999999904,0,16.39,78.5,74,80.94,73.6,1.49,0.7,2.77,,1.5,14-07-2026,2024
Swiggy Ltd.,IPO,390,2024-11-13T00:00:00.000Z,544285,SWIGGY,1.13274E+11,16.92,-33.65,420,456,465.8,391,3.01,0.39,1.06,0.45,2.42,14-07-2026,2024
ACME Solar Holdings Ltd.,IPO,289,2024-11-13T00:00:00.000Z,544283,ACMESOLAR,28999999525,-12.4,33.06,251,253.15,276.1,248.5,2.12,0.95,3.12,0.22,2.04,14-07-2026,2024
Sagility India Ltd.,IPO,30,2024-11-12T00:00:00.000Z,544282,SAGILITY,21064042860,-2.27,39.7,31.06,29.32,32.87,28.95,2.04,1.88,3.98,0.51,2.2,14-07-2026,2024
Afcons Infrastructure Ltd.,IPO,463,2024-11-04T00:00:00.000Z,544280,AFCONS,54299999322,2.42,-36.86,426,474.2,479.45,420.25,2.19,5.23,0.94,0.86,2.2,14-07-2026,2024
Godavari Biorefineries Ltd.,IPO,352,2024-10-30T00:00:00.000Z,544279,GODAVARIB,5547497824,-2.5,-25.55,308,343.2,354.45,308,1.77,0.89,1.68,,1.61,14-07-2026,2024
Waaree Energies Ltd.,IPO,1503,2024-10-28T00:00:00.000Z,544277,WAAREEENER,43214398785,55.62,87.6,2500,2338.9,2624.4,2300,86.51,64.65,11.06,1.01,55.98,14-07-2026,2024
Deepak Builders & Engineers India Ltd.,IPO,203,2024-10-28T00:00:00.000Z,544276,DBEIL,2600430000,-20.22,-60.1,200,161.95,200,160.51,6.03,81.74,38.95,,28.91,14-07-2026,2024
Hyundai Motor India Ltd.,IPO,1960,2024-10-22T00:00:00.000Z,544274,HYUNDAI,2.78587E+11,-7.16,-0.05,1934,1819.6,1970,1807,3.4,0.57,0.44,0.79,1.93,14-07-2026,2024
Garuda Construction & Engineering Ltd.,IPO,95,2024-10-15T00:00:00.000Z,544271,GARUDA,2641000000,11.96,92.79,105,106.36,120.99,100.36,1.13,8.93,10.56,,5.6,14-07-2026,2024
Diffusion Engineers Ltd.,IPO,168,2024-10-04T00:00:00.000Z,544264,DIFFNKG,1579640000,20.93,134.05,193.5,203.17,203.17,193.05,38.77,76.42,83.84,1.2,59.88,14-07-2026,2024
KRN Heat Exchanger & Refrigeration Ltd.,IPO,220,2024-10-03T00:00:00.000Z,544263,KRN,3419460000,117.63,458.86,480,478.79,513.5,450,102.4,428.12,101.07,,151.95,14-07-2026,2024
Manba Finance Ltd.,IPO,120,2024-09-30T00:00:00.000Z,544262,MANBA,1508400000,31.21,12.5,150,157.45,157.45,144,58,511.91,139.75,,154.7,14-07-2026,2024
Western Carriers (India) Ltd.,IPO,172,2024-09-24T00:00:00.000Z,544258,WCIL,4928799836,-7.3,-44.45,171,159.44,177,158.51,12.01,46.53,27.21,,22.51,14-07-2026,2024
Arkade Developers Ltd.,IPO,128,2024-09-24T00:00:00.000Z,544261,ARKADE,4099999923,29.58,8.79,175,165.86,190,164.8,69.48,174.23,58.03,1.07,80.78,14-07-2026,2024
Northern Arc Capital Ltd.,IPO,263,2024-09-24T00:00:00.000Z,544260,NORTHARC,7769999922,22.97,21.14,350,323.4,350,308.2,97.41,149.32,32.85,1.03,80.97,14-07-2026,2024
P N Gadgil Jewellers Ltd.,IPO,480,2024-09-17T00:00:00.000Z,544256,PNGJL,10999999680,65.27,23.71,830,793.3,848,781.5,58.18,58.89,17.73,,44.13,14-07-2026,2024
Bajaj Housing Finance Ltd.,IPO,70,2024-09-16T00:00:00.000Z,544252,BAJAJHFL,65599999920,135.71,24.71,150,165,165,146,89.67,42.85,7.54,0.77,49.63,14-07-2026,2024
Kross Ltd.,IPO,240,2024-09-16T00:00:00.000Z,544253,KROSS,4999999680,8.25,-23.12,240,259.81,270.89,231.96,10.44,23.36,11.48,,12.74,14-07-2026,2024
Tolins Tyres Ltd.,IPO,226,2024-09-16T00:00:00.000Z,544254,TOLINS,2299999966,5.93,-54.34,228,239.4,239.4,227.5,11.43,28.72,22.31,,17.83,14-07-2026,2024
Shree Tirupati Balajee Agro Trading Co.Ltd.,IPO,83,2024-09-12T00:00:00.000Z,544249,BALAJEE,1696520000,13.86,-65.11,90,94.5,94.5,90,60.56,209.02,71.62,,86.7,14-07-2026,2024
Gala Precision Engineering Ltd.,IPO,529,2024-09-09T00:00:00.000Z,544244,GALAPREC,1679266064,43.13,115.78,721.1,757.15,757.15,721.1,92.68,425.84,102.38,1.06,145.78,14-07-2026,2024
Baazar Style Retail Ltd.,IPO,389,2024-09-06T00:00:00.000Z,544243,STYLEBAAZA,8346752073,2.83,-23.21,389,400,431.15,378.4,33.32,59.53,9.36,0.69,28.83,14-07-2026,2024
ECOS (India) Mobility & Hospitality Ltd.,IPO,334,2024-09-04T00:00:00.000Z,544239,ECOSMOBLTY,6012000000,32.68,-61.15,390,443.15,456,380,55.38,70.23,19.31,,44.98,14-07-2026,2024
Premier Energies Ltd.,IPO,450,2024-09-03T00:00:00.000Z,544238,PREMIERENE,28303999832,86.64,144.47,990,839.9,994.55,802.1,85.49,50.73,7.59,1.32,52.82,14-07-2026,2024
Orient Technologies Ltd.,IPO,206,2024-08-28T00:00:00.000Z,544235,ORIENTTECH,2147599852,46.8,36.38,288,302.4,302.4,287.2,75.42,302.28,66.68,,106.39,14-07-2026,2024
Interarch Building Products Ltd.,IPO,900,2024-08-26T00:00:00.000Z,544232,INTERARCH,6002866285,32.94,101.53,1220,1196.45,1230,1192,79.44,127.48,20.4,1.52,65.75,14-07-2026,2024
Saraswati Saree Depot Ltd.,IPO,160,2024-08-20T00:00:00.000Z,544230,SSDL,1600128000,27.31,-65.71,194,203.7,203.7,186,63.3,360.72,64.8,,108.44,14-07-2026,2024
Unicommerce eSolutions Ltd.,IPO,108,2024-08-13T00:00:00.000Z,544227,UNIECOM,2765719296,94.52,-20.13,235,210.08,255.99,206,55.83,254.2,136.56,,93.66,14-07-2026,2024
Brainbees Solutions Ltd.,IPO,465,2024-08-13T00:00:00.000Z,544226,FIRSTCRY,41937275528,46.04,-53.92,651,679.1,707.7,640,8.32,4.69,2.38,1.46,7.17,14-07-2026,2024
Ola Electric Mobility Ltd.,IPO,76,2024-08-09T00:00:00.000Z,544225,OLAELEC,61455591717,20,-48.09,76,91.2,91.2,76,2.84,2.2,3.86,1.23,2.85,14-07-2026,2024
Ceigall India Ltd.,IPO,401,2024-08-08T00:00:00.000Z,544223,CEIGALL,12526630453,-3.55,-10.46,419,386.75,424.8,383.25,13.13,14.85,3.89,1.08,10.14,14-07-2026,2024
Akums Drugs & Pharmaceuticals Ltd.,IPO,679,2024-08-06T00:00:00.000Z,544222,AKUMS,18567364220,17.27,1.19,725,796.25,797.5,725,36.57,42.15,21.02,1,35.54,14-07-2026,2024
Sanstar Ltd.,IPO,95,2024-07-26T00:00:00.000Z,544217,SANSTAR,5101500000,21.13,17.11,109,115.07,128.79,107.1,58.84,135.23,23.54,,57.94,14-07-2026,2024
Emcure Pharmaceuticals Ltd.,IPO,1008,2024-07-10T00:00:00.000Z,544210,EMCURE,19520269560,34.84,79.51,1325.05,1359.15,1385,1325.05,76.95,49.21,7.23,2.27,48.13,14-07-2026,2024
Bansal Wire Industries Ltd.,IPO,256,2024-07-10T00:00:00.000Z,544209,BANSALWIRE,7449999872,36.86,23.03,356,350.35,372,336,62.01,54.16,14.16,,44.08,14-07-2026,2024
Vraj Iron & Steel Ltd.,IPO,207,2024-07-03T00:00:00.000Z,544204,VRAJ,1709999883,21.74,-35.75,240,252,252,240,69.92,221.52,57.55,,88.33,14-07-2026,2024
Allied Blenders & Distillers Ltd.,IPO,281,2024-07-02T00:00:00.000Z,544203,ABDL,14999999511,13.13,121.76,320,317.9,324.8,306.7,21.76,34.06,4.73,0.85,17.61,14-07-2026,2024
Stanley Lifestyles Ltd.,IPO,369,2024-06-28T00:00:00.000Z,544202,STANLEY,5370244452,28.66,-57.38,494.95,474.75,509.4,470.2,86.67,121.66,19.27,,68.33,14-07-2026,2024
DEE Development Engineers Ltd.,IPO,203,2024-06-26T00:00:00.000Z,544198,DEEDEV,4180145821,65.18,239.83,339,335.32,365.7,310,83.87,147.1,24.89,1.95,72.53,14-07-2026,2024
Akme Fintrade (India) Ltd.,IPO,120,2024-06-26T00:00:00.000Z,544200,AFIL,1320000000,11.12,-22.5,127,133.35,133.35,127,11.68,130.98,45.75,0.32,39.44,14-07-2026,2024
Le Travenues Technology Ltd.,IPO,93,2024-06-18T00:00:00.000Z,544192,IXIGO,7401023607,78.19,122.53,138.1,165.72,165.72,135,43.1,110.89,54.44,,54.4,14-07-2026,2024
Kronox Lab Sciences Ltd.,IPO,136,2024-06-10T00:00:00.000Z,544187,KRONOX,1301520000,17.15,7.9,164.95,159.32,165.6,156.7,35.53,304.26,54.9,,82.62,14-07-2026,2024
Awfis Space Solutions Ltd.,IPO,383,2024-05-30T00:00:00.000Z,544181,AWFIS,5989252678,10.12,-24.14,435,421.75,451.45,415.2,47.18,130.09,53.74,0.35,60.05,14-07-2026,2024
Go Digit General Insurance Ltd.,IPO,272,2024-05-23T00:00:00.000Z,544179,GODIGIT,26146458592,12.5,12.96,286,306,314,280,5.61,7.23,4.08,,5.7,14-07-2026,2024
TBO Tek Ltd.,IPO,920,2024-05-15T00:00:00.000Z,544174,TBOTEK,15508093160,52.86,56.81,1426,1406.3,1455.95,1275,50.73,50.59,25.94,1.27,48.14,14-07-2026,2024
Aadhar Housing Finance Ltd.,IPO,315,2024-05-15T00:00:00.000Z,544176,AADHARHFC,29999999672,4.59,64.65,315,329.45,343.7,292,31.13,17.31,2.52,1.74,19,14-07-2026,2024
Indegene Ltd.,IPO,452,2024-05-13T00:00:00.000Z,544172,INDGN,18417594360,26.31,12.21,655,570.9,660,527.1,77.5,56.44,8.25,1.04,49.75,14-07-2026,2024
JNK India Ltd.,IPO,415,2024-04-30T00:00:00.000Z,544167,JNKINDIA,6494736305,67.36,27.58,621,694.55,712,621,31.58,19.92,4.17,,20.24,14-07-2026,2024
Vodafone Idea Ltd.,FPO,11,2024-04-25T00:00:00.000Z,532822,IDEA,1.8E+11,26.36,25.73,11.8,13.9,14.4,11.8,8.34,4.46,0.98,,5.18,14-07-2026,2024
Bharti Hexacom Ltd.,IPO,570,2024-04-12T00:00:00.000Z,544162,BHARTIHEXA,42750000000,42.68,184.32,755,813.3,880,755,20.07,10.28,2.74,,16.87,14-07-2026,2024
SRM Contractors Ltd.,IPO,210,2024-04-03T00:00:00.000Z,544158,SRM,1302000000,7.62,131.12,215.25,226,226,215.25,23.91,214.68,45.86,,60.21,14-07-2026,2024
Krystal Integrated Services Ltd.,IPO,715,2024-03-21T00:00:00.000Z,544149,KRYSTAL,3001249680,-0.3,-16.08,785,712.85,793.8,703.05,3.54,45.38,3.32,,9.74,14-07-2026,2024
Popular Vehicles & Services Ltd.,IPO,295,2024-03-19T00:00:00.000Z,544144,PVSL,6015536660,-6.39,-68.41,289.2,276.15,289.2,262.4,1.52,0.66,1.03,0.61,1.22,14-07-2026,2024
Gopal Snacks Ltd.,IPO,401,2024-03-14T00:00:00.000Z,544140,GOPAL,6499999002,-9.55,-34.23,351,362.7,384.8,341.8,7.99,9.95,4.08,0.81,6.88,14-07-2026,2024
J.G.Chemicals Ltd.,IPO,221,2024-03-13T00:00:00.000Z,544138,JGCHEM,2511899923,-16.38,101.61,209,184.8,213.75,181.3,13.41,47.72,17.59,,20.02,14-07-2026,2024
R K SWAMY Ltd.,IPO,288,2024-03-12T00:00:00.000Z,544136,RKSWAMY,4235599638,-8.82,-64.53,250,262.6,284.9,243,8.85,34.16,33.33,0.49,14.81,14-07-2026,2024
Bharat Highways InvIT,InvIT,100,2024-03-12T00:00:00.000Z,,,24999990000,3.05,28.15,101.1,103.05,103.55,101.1,4.24,6.19,,,3.73,14-07-2026,2024
Mukka Proteins Ltd.,IPO,28,2024-03-07T00:00:00.000Z,544135,MUKKA,2240000000,50.89,-16.5,40,42.25,42.25,38.25,76.64,246.54,57.27,,95.35,14-07-2026,2024
Platinum Industries Ltd.,IPO,171,2024-03-05T00:00:00.000Z,544134,PLATIND,2353169475,29.36,33.19,225,221.2,236.25,221,61.19,141.66,50.17,,69.4,14-07-2026,2024
Exicom Tele-Systems Ltd.,IPO,142,2024-03-05T00:00:00.000Z,544133,EXICOM,4289990400,58.42,14.44,265,224.95,274.5,219,56.23,158.82,121.61,,78.16,14-07-2026,2024
GPT Healthcare Ltd.,IPO,186,2024-02-29T00:00:00.000Z,544131,GPTHEALTH,5251398078,7.9,-17.02,215,200.7,219.9,196.1,7.57,11.03,2.35,,6.26,14-07-2026,2024
Juniper Hotels Ltd.,IPO,360,2024-02-28T00:00:00.000Z,544129,JUNIPER,18000000000,11.53,-45.36,365,401.5,401.5,365,1.9,0.88,1.29,,1.68,14-07-2026,2024
Vibhor Steel Tubes Ltd.,IPO,151,2024-02-20T00:00:00.000Z,544124,VSTL,721695893,195.53,-24.44,425,446.25,446.25,420,75.42,770.67,197.91,1.06,221.21,14-07-2026,2024
Entero Healthcare Solutions Ltd.,IPO,1258,2024-02-16T00:00:00.000Z,544122,ENTERO,15999998459,-8.62,-0.99,1228.7,1149.55,1258,1141,1.53,0.21,1.32,0.22,1.31,14-07-2026,2024
Rashi Peripherals Ltd.,IPO,311,2024-02-14T00:00:00.000Z,544119,RPTECH,5999999844,3.38,150.18,339.5,321.5,342.7,318,61.02,65.97,10.98,,44.25,14-07-2026,2024
Jana Small Finance Bank Ltd.,IPO,414,2024-02-14T00:00:00.000Z,544118,JSFB,5699972286,-11.07,18.35,396,368.15,409,365,16.59,26.18,5.81,0.87,13.94,14-07-2026,2024
Capital Small Finance Bank Ltd.,IPO,468,2024-02-14T00:00:00.000Z,544120,CAPITALSFB,5230701684,-7.05,-36.74,430.25,435,462.9,421,3.4,4.11,2.62,,3.23,14-07-2026,2024
Apeejay Surrendra Park Hotels Ltd.,IPO,155,2024-02-12T00:00:00.000Z,544111,PARKHOTELS,9199999682,31.32,-14.74,186,203.55,223.2,171.25,32.47,54.14,31.25,0.09,35.19,14-07-2026,2024
BLS E-Services Ltd.,IPO,135,2024-02-06T00:00:00.000Z,544107,BLSE,3092929000,171.11,100.41,305,366,366,303.1,49.54,298.02,226.49,,94.98,14-07-2026,2024
Nova AgriTech Ltd.,IPO,41,2024-01-31T00:00:00.000Z,544100,NOVAAGRI,1438103413,40.85,-45.15,55,57.75,57.75,55,32.51,232.54,78.22,,78.51,14-07-2026,2024
EPACK Durable Ltd.,IPO,230,2024-01-30T00:00:00.000Z,544095,EPACK,6400520730,-9.74,3.24,221,207.6,224.5,206.2,10.89,29.06,6.44,,12.06,14-07-2026,2024
Medi Assist Healthcare Services Ltd.,IPO,418,2024-01-23T00:00:00.000Z,544088,MEDIASSIST,11715774224,11.03,-14.45,460,464.1,518,445,16.68,14.76,3.07,,11.63,14-07-2026,2024
Jyoti CNC Automation Ltd.,IPO,331,2024-01-16T00:00:00.000Z,544081,JYOTICNC,9999999414,31.18,136.44,370,434.2,444,368,19.08,38.31,26.48,1.89,22.59,14-07-2026,2024
Gujarat Kidney & Super Speciality Ltd.,IPO,114,2025-12-30T00:00:00.000Z,544666,GKSL,2508000000,-8.3,16.23,120,104.54,123,102.9,1.18,4.73,18.31,,3.42,14-07-2026,2025
KSH International Ltd.,IPO,384,2025-12-23T00:00:00.000Z,544664,KSHINTL,6263540352,-7.55,126.28,370,355,370.25,350,1.17,0.45,0.93,,0.98,14-07-2026,2025
ICICI Prudential Asset Management Co.Ltd.,IPO,2165,2025-12-19T00:00:00.000Z,544658,ICICIAMC,1.06027E+11,19.44,46.26,2600,2585.9,2663.4,2575,50.39,21,2.42,,28.19,14-07-2026,2025
Park Medi World Ltd.,IPO,162,2025-12-17T00:00:00.000Z,544645,PARKHOSPS,9199999926,-8.67,76.73,158.8,147.95,165.87,146.93,5.58,15.51,3.24,,6.25,14-07-2026,2025
Nephrocare Health Services Ltd.,IPO,460,2025-12-17T00:00:00.000Z,544647,NEPHROPLUS,8710476407,2.45,40.32,490,471.25,499,463.8,11.29,24.73,2.29,0.97,10.12,14-07-2026,2025
Corona Remedies Ltd.,IPO,1062,2025-12-15T00:00:00.000Z,544644,CORONA,6553708269,35.44,92.65,1470,1438.4,1497.8,1413,117.52,219.49,29.29,3.42,101.01,14-07-2026,2025
Wakefit Innovations Ltd.,IPO,195,2025-12-15T00:00:00.000Z,544642,WAKEFIT,12888888870,-1.39,-33.15,195,192.29,203.5,177,1.82,1.02,3.07,,1.82,14-07-2026,2025
Vidya Wires Ltd.,IPO,52,2025-12-10T00:00:00.000Z,544633,VIDYAWIRES,3000051964,2.25,82.77,52,53.17,58.45,50,2.74,55.65,29.35,,19.99,14-07-2026,2025
Aequs Ltd.,IPO,124,2025-12-10T00:00:00.000Z,544634,AEQUS,9218116603,22.01,95.36,140,151.29,157,135.4,49.72,82.97,78.08,1.35,57.41,14-07-2026,2025
Meesho Ltd.,IPO,111,2025-12-10T00:00:00.000Z,544632,MEESHO,54212036031,53.23,70.32,162.5,170.09,177.49,162,49.97,39.29,19.12,,45.28,14-07-2026,2025
Sudeep Pharma Ltd.,IPO,593,2025-11-28T00:00:00.000Z,544619,SUDEEPPHRM,8950000157,30.55,41.15,730,774.15,795,725,85.68,116.18,15.14,,65.56,14-07-2026,2025
Excelsoft Technologies Ltd.,IPO,120,2025-11-26T00:00:00.000Z,544617,EXCELSOFT,4999999920,4.97,-34.3,135,125.97,142.59,125.13,20.52,106.72,16.01,,31.87,14-07-2026,2025
Capillary Technologies India Ltd.,IPO,577,2025-11-21T00:00:00.000Z,544614,CAPILLARY,8775014748,5.11,-12.44,571.9,606.5,633.9,570.05,23.44,69.49,15.4,1.77,29.48,14-07-2026,2025
Fujiyama Power Systems Ltd.,IPO,228,2025-11-20T00:00:00.000Z,544613,UTLSOLAR,8279999892,-8.58,68.75,220,208.44,230.99,205.25,2.72,0.88,1.01,0.5,1.84,14-07-2026,2025
Tenneco Clean Air India Ltd.,IPO,397,2025-11-19T00:00:00.000Z,544612,TENNIND,35999999700,23.63,43.44,505,490.8,517,480.1,70.45,42.65,5.26,,43.47,14-07-2026,2025
PhysicsWallah Ltd.,IPO,109,2025-11-18T00:00:00.000Z,544609,PWL,34799999764,42.42,31.61,145,155.24,161.99,137.35,1.75,0.5,1.06,1.71,1.49,14-07-2026,2025
Emmvee Photovoltaic Power Ltd.,IPO,217,2025-11-18T00:00:00.000Z,544608,EMMVEE,28999999784,1.11,53.87,217,219.4,227.71,207,1.15,0.3,1.11,,1.02,14-07-2026,2025
Pine Labs Ltd.,IPO,221,2025-11-14T00:00:00.000Z,544606,PINELABS,38999080025,13.52,-28.98,242,250.89,284,234.17,2.2,0.29,1.2,3.11,1.81,14-07-2026,2025
Billionbrains Garage Ventures Ltd.,IPO,100,2025-11-12T00:00:00.000Z,544603,GROWW,66323005100,31.33,103.85,112,131.33,134.4,112,9.41,14.1,9.17,,10.09,14-07-2026,2025
Lenskart Solutions Ltd.,IPO,402,2025-11-10T00:00:00.000Z,544600,LENSKART,72780153352,0.27,33.78,395,403.1,413.75,356.1,16.74,18.28,7.48,0.72,16.01,14-07-2026,2025
Studds Accessories Ltd.,IPO,585,2025-11-07T00:00:00.000Z,544599,STUDDS,4554880200,-4.22,-23.29,565,560.3,585,557,64.55,76.66,21.55,,51.31,14-07-2026,2025
Orkla India Ltd.,IPO,730,2025-11-06T00:00:00.000Z,544595,ORKLAINDIA,16673322910,-2.24,-19.41,750.1,713.65,760,692.55,47.55,54.25,6.8,1.53,34.25,14-07-2026,2025
Midwest Ltd.,IPO,1065,2025-10-24T00:00:00.000Z,544587,MIDWESTLTD,4509998388,7.09,22.2,1165,1140.5,1190,1129.1,59.13,175.57,24.56,1.17,64.34,14-07-2026,2025
Canara HSBC Life Insurance Co.Ltd.,IPO,106,2025-10-17T00:00:00.000Z,544583,CANHLIFE,25159500038,5.11,38.35,106,111.42,112.8,106,3.44,0.32,0.4,1.44,1.9,14-07-2026,2025
Rubicon Research Ltd.,IPO,485,2025-10-16T00:00:00.000Z,544578,RUBICON,13774999174,29.53,207.68,620,628.2,639,587.35,55.39,101.82,36.48,1.11,60.38,14-07-2026,2025
Canara Robeco Asset Management Co.Ltd.,IPO,266,2025-10-16T00:00:00.000Z,544580,CRAMC,13261258962,12.95,-0.38,280.25,300.45,318,280.25,10.96,6.4,1.86,,7.09,14-07-2026,2025
Anantam Highways Trust,InvIT,100,2025-10-16T00:00:00.000Z,,,4000000000,5.37,4.02,103,105.37,113,103,1.6,8.25,,,3.27,14-07-2026,2025
LG Electronics India Ltd.,IPO,1140,2025-10-14T00:00:00.000Z,544576,LGEINDIA,1.16047E+11,48.24,33.95,1710.1,1689.9,1749,1650,67.21,22.08,3.39,1.37,38.03,14-07-2026,2025
Tata Capital Ltd.,IPO,326,2025-10-13T00:00:00.000Z,544574,TATACAP,1.55119E+11,1.38,9.14,330,330.5,333,326.25,1.98,1.95,1.06,0.82,1.65,14-07-2026,2025
WeWork India Management Ltd.,IPO,648,2025-10-10T00:00:00.000Z,544570,WEWORK,29996428419,-2.99,10.07,650,628.65,650.15,614.25,1.33,0.23,0.57,1.05,1.09,14-07-2026,2025
Advance Agrolife Ltd.,IPO,100,2025-10-08T00:00:00.000Z,544562,ADVANCE,1928481241,8.3,10.5,114,108.3,114.5,108.3,11.59,174.55,22.17,0.6,39.68,14-07-2026,2025
Om Freight Forwarders Ltd.,IPO,135,2025-10-08T00:00:00.000Z,544564,OMFREIGHT,1223105670,-36.61,-33.13,81.5,85.57,85.57,81.1,2.91,7.38,2.77,0.22,3.58,14-07-2026,2025
Glottis Ltd.,IPO,129,2025-10-07T00:00:00.000Z,544557,GLOTTIS,3070024560,-35.12,-48.67,84,83.7,93,81.17,1.54,3.06,1.43,,1.95,14-07-2026,2025
Fabtech Technologies Ltd.,IPO,191,2025-10-07T00:00:00.000Z,544558,FABTECH,2302965299,-4.5,-17.17,192,182.4,192.5,182.4,2.02,1.95,2.04,0.44,2.01,14-07-2026,2025
Pace Digitek Ltd.,IPO,219,2025-10-06T00:00:00.000Z,544550,PACEDIGITK,8191479709,-0.46,-6.6,225,217.99,231,207,1.29,2.94,1.05,0.55,1.45,14-07-2026,2025
Trualt Bioenergy Ltd.,IPO,496,2025-10-03T00:00:00.000Z,544545,TRUALT,8392799632,7.05,-14.17,545.4,530.95,549,512.8,66.53,102.95,11.37,,52.69,14-07-2026,2025
Jinkushal Industries Ltd.,IPO,121,2025-10-03T00:00:00.000Z,544547,JKIPL,1161545308,0.55,-17.73,125,121.66,126.95,118.75,14.64,145.9,46.64,,45.54,14-07-2026,2025
Epack Prefab Technologies Ltd.,IPO,204,2025-10-01T00:00:00.000Z,544540,EPACKPEB,5039999928,-6.54,35.56,183.85,190.66,197.7,183.85,2.75,3.74,1.7,,2.53,14-07-2026,2025
BMW Ventures Ltd.,IPO,99,2025-10-01T00:00:00.000Z,544543,BMWVENTLTD,2316600000,-25.15,-40.96,78,74.1,78,74.1,1.89,1.08,0.96,,1,14-07-2026,2025
Jain Resource Recycling Ltd.,IPO,232,2025-10-01T00:00:00.000Z,544537,JAINREC,12499999688,37.09,42.28,265.05,318.06,318.06,247.57,11.3,5.58,3.72,,9.69,14-07-2026,2025
Anand Rathi Share & Stock Brokers Ltd.,IPO,414,2025-09-30T00:00:00.000Z,544530,ARSSBL,7449999769,7.62,40.01,432,445.55,458.7,431,19.04,30.04,4.95,1.28,15.55,14-07-2026,2025
Seshaasai Technologies Ltd.,IPO,423,2025-09-30T00:00:00.000Z,544533,STYL,8130738091,-2.73,-7.12,432,411.45,437.45,406,76.26,51.27,9.24,2.89,48.93,14-07-2026,2025
Jaro Institute of Technology Management & Research Ltd.,IPO,890,2025-09-30T00:00:00.000Z,544534,JARO,4499999310,-16.38,-43.96,890,744.25,890,717.55,15.59,37.21,9.01,,16.53,14-07-2026,2025
Solarworld Energy Solutions Ltd.,IPO,351,2025-09-30T00:00:00.000Z,544532,SOLARWORLD,4899999663,-7.83,-40.47,388.5,323.5,388.5,320.5,30.27,68.02,50.69,,37.97,14-07-2026,2025
Atlanta Electricals Ltd.,IPO,754,2025-09-29T00:00:00.000Z,544527,ATLANTAELE,6873413946,9.2,127.94,857,823.35,865,806.25,77.97,55.6,10.54,1.46,50.62,14-07-2026,2025
Ganesh Consumer Products Ltd.,IPO,322,2025-09-29T00:00:00.000Z,544528,GANESHCP,4087982743,-8.6,-42.98,296.05,294.3,308.7,291.65,2.39,4.31,1.13,0.76,2.23,14-07-2026,2025
GK Energy Ltd.,IPO,153,2025-09-26T00:00:00.000Z,544525,GKENERGY,4642599870,9.63,-8.01,171,167.74,174.7,165,77.69,128.29,21.34,,65.56,14-07-2026,2025
Saatvik Green Energy Ltd.,IPO,465,2025-09-26T00:00:00.000Z,544526,SAATVIKGL,8999999122,-5.23,0.13,465,440.7,465,427.3,5.14,10.53,2.72,0.94,5.09,14-07-2026,2025
Ivalue Infosolutions Ltd.,IPO,299,2025-09-25T00:00:00.000Z,544523,IVALUE,5602948442,-5.74,2.91,284.95,281.85,298.35,274.05,1.98,1.18,1.22,,1.59,14-07-2026,2025
VMS TMT Ltd.,IPO,99,2025-09-24T00:00:00.000Z,544521,VMSTMT,1485000000,0.66,-54.83,104.9,99.65,105,99.65,48.35,226.19,46.34,,82.91,14-07-2026,2025
Euro Pratik Sales Ltd.,IPO,247,2025-09-23T00:00:00.000Z,544519,EUROPRATIK,4513148920,0.56,26.23,272.1,248.38,278,247.06,1.13,1.95,1.23,0.93,1.29,14-07-2026,2025
Shringar House of Mangalsutra Ltd.,IPO,165,2025-09-17T00:00:00.000Z,544512,SHRINGARMS,4009199992,12.05,37.64,188.5,184.88,191,182.6,41.17,82.36,26.66,1.1,42.24,14-07-2026,2025
Dev Accelerator Ltd.,IPO,61,2025-09-17T00:00:00.000Z,544513,DEVX,1433500000,5,-42.52,61,64.05,64.05,59,9.05,87.49,160.88,1.79,35.82,14-07-2026,2025
Urban Co.Ltd.,IPO,103,2025-09-17T00:00:00.000Z,544515,URBANCO,18999999701,61.97,28.11,162.25,166.83,179,161.37,59.44,77.52,40.1,1.98,60.14,14-07-2026,2025
Amanta Healthcare Ltd.,IPO,126,2025-09-09T00:00:00.000Z,544502,AMANTA,1260000000,12.5,37.22,135,141.75,141.75,132,14.8,209.13,53.59,,57.53,14-07-2026,2025
Anlon Healthcare Ltd.,IPO,91,2025-09-03T00:00:00.000Z,544497,AHCL,1210300000,0.8,-83.46,92,91.73,92.5,90.78,1.05,10.5,45.82,,6.95,14-07-2026,2025
Vikran Engineering Ltd.,IPO,97,2025-09-03T00:00:00.000Z,544496,VIKRAN,7719999819,-1.33,-24.44,99,95.71,101.77,93.26,8.67,61.68,11.27,,17.53,14-07-2026,2025
Mangal Electrical Industries Ltd.,IPO,561,2025-08-28T00:00:00.000Z,544492,MEIL,3999999564,-4.57,-47.07,556,535.35,566,527.35,5.13,19.7,4.99,,7.27,14-07-2026,2025
Shreeji Shipping Global Ltd.,IPO,252,2025-08-26T00:00:00.000Z,544490,SHREEJISPG,4107096000,1.23,128.79,270,255.1,275,252.2,44.82,72.62,21.57,,40.85,14-07-2026,2025
Gem Aromatics Ltd.,IPO,325,2025-08-26T00:00:00.000Z,544491,GEMAROMA,4512499875,-1.83,-41.48,333.1,319.05,349.6,314.65,22.14,45.9,10.29,,21.55,14-07-2026,2025
Vikram Solar Ltd.,IPO,332,2025-08-26T00:00:00.000Z,544488,VIKRAMSOLR,20793692528,7.35,-42.36,338,356.4,381.65,333.65,58.56,52.8,7.77,0.22,39.73,14-07-2026,2025
Patel Retail Ltd.,IPO,255,2025-08-26T00:00:00.000Z,544487,PATELRMART,2426579999,12.82,-11.75,300,287.7,305,285.55,109.09,107.9,41.68,1.37,78.04,14-07-2026,2025
Regaal Resources Ltd.,IPO,102,2025-08-20T00:00:00.000Z,544485,REGAAL,3059951040,29,-21.31,141,131.58,145.7,130.25,41.34,355.25,55.61,,93.42,14-07-2026,2025
BlueStone Jewellery & Lifestyle Ltd.,IPO,517,2025-08-19T00:00:00.000Z,544484,BLUESTONE,15406495566,5.61,17.02,510,546,564,508.1,2.3,0.56,1.32,,1.94,14-07-2026,2025
Knowledge Realty Trust,REIT,100,2025-08-18T00:00:00.000Z,,,48000000000,6.24,15.54,103,106.24,108.94,103,4.21,16.14,,,5.64,14-07-2026,2025
All Time Plastics Ltd.,IPO,275,2025-08-14T00:00:00.000Z,544479,ALLTIME,4006029502,3.02,-14.93,311.3,283.3,325,280.65,4.76,13.9,5.23,1.03,6.28,14-07-2026,2025
JSW Cement Ltd.,IPO,147,2025-08-14T00:00:00.000Z,544480,JSWCEMENT,35999999826,-0.63,-6.97,153.5,146.07,154.77,145.05,7.3,11.56,1.84,,6.03,14-07-2026,2025
Highway Infrastructure Ltd.,IPO,70,2025-08-12T00:00:00.000Z,544477,HILINFRA,1299999960,72.5,-35.71,115,120.75,120.75,115,170.38,471.09,159.72,,256.33,14-07-2026,2025
Sri Lotus Developers & Realty Ltd.,IPO,150,2025-08-06T00:00:00.000Z,544469,LOTUSDEV,7919999763,30.45,-4.7,178,195.67,195.8,176.7,70.76,61.53,21.13,1.81,51.87,14-07-2026,2025
M&B Engineering Ltd.,IPO,385,2025-08-06T00:00:00.000Z,544470,MBEL,6499999478,6.14,-14.49,385,408.65,418.8,373.5,15.98,40.18,33.54,2.08,21.3,14-07-2026,2025
National Securities Depository Ltd.,IPO,800,2025-08-06T00:00:00.000Z,544467,,40109540820,17,5.37,880,936,943.85,880,42.15,34.75,7.43,1.42,28.84,14-07-2026,2025
Laxmi India Finance Ltd.,IPO,158,2025-08-05T00:00:00.000Z,544465,LAXMIINDIA,2542566810,-15.12,-32.16,137.52,134.11,146.68,132.98,1.47,1.82,2.17,0.88,1.76,14-07-2026,2025
Aditya Infotech Ltd.,IPO,675,2025-08-05T00:00:00.000Z,544466,CPPLUS,12999997803,60.39,436.29,1015,1082.65,1104,1015,56.7,75.52,52.56,1.43,58.82,14-07-2026,2025
Property Share Investment Trust-PropShare Titania,SM REIT,1060000,2025-08-04T00:00:00.000Z,,,4729720000,0.1,12.26,1059900,1061100,1061100,1050000,0,6.62,,,1.62,14-07-2026,2025
Shanti Gold International Ltd.,IPO,199,2025-08-01T00:00:00.000Z,544459,SHANTIGOLD,3601104000,15.27,7.29,227.55,229.38,238.36,227.1,47.35,151.49,30.42,,57.04,14-07-2026,2025
Brigade Hotel Ventures Ltd.,IPO,90,2025-07-31T00:00:00.000Z,544457,BRIGHOTEL,7595999890,-5.2,-29.72,81.1,85.32,87.84,81.1,2.9,10.1,6.59,0.43,4.26,14-07-2026,2025
Indiqube Spaces Ltd.,IPO,237,2025-07-30T00:00:00.000Z,544454,INDIQUBE,6999999708,-8.03,-26.16,216,217.97,222.97,201.6,6.68,8.62,13.41,1.87,7.63,14-07-2026,2025
GNG Electronics Ltd.,IPO,237,2025-07-30T00:00:00.000Z,544455,EBGNG,4604349969,40.67,147.72,355,333.39,359.4,325.55,110.35,237.44,48.2,,107.66,14-07-2026,2025
Anthem Biosciences Ltd.,IPO,570,2025-07-21T00:00:00.000Z,544449,ANTHEM,33949999198,28.13,31.6,723.05,730.35,747,723.05,77.87,43.67,5.74,1.41,47.37,14-07-2026,2025
Smartworks Coworking Spaces Ltd.,IPO,407,2025-07-17T00:00:00.000Z,544447,SMARTWORKS,5825553870,9.35,15.9,435,445.05,469.25,435,10.59,23.63,3.59,0.88,10.03,14-07-2026,2025
Travel Food Services Ltd.,IPO,1100,2025-07-14T00:00:00.000Z,544443,TRAVELFOOD,19999997905,-2.29,19.92,1125,1074.8,1130,1066,3.83,1.62,0.69,0.26,2.4,14-07-2026,2025
Crizac Ltd.,IPO,245,2025-07-09T00:00:00.000Z,544439,CRIZAC,8599999800,25.56,-20.65,281.05,307.63,309.15,275,57.16,79.49,10.54,,44.19,14-07-2026,2025
Indogulf Cropsciences Ltd.,IPO,111,2025-07-03T00:00:00.000Z,544432,IGCL,1999999800,-0.59,-32.87,111,110.35,113,106,1.95,50.72,15.33,0.37,13.5,14-07-2026,2025
Sambhv Steel Tubes Ltd.,IPO,82,2025-07-02T00:00:00.000Z,544430,SAMBHV,5399999763,19.01,49.02,110,97.59,111,96.25,27.26,33.62,8.35,0.7,21.49,14-07-2026,2025
HDB Financial Services Ltd.,IPO,740,2025-07-02T00:00:00.000Z,544429,HDBFS,1.25E+11,13.64,0.53,835,840.95,851.4,827.15,24.05,10.24,1.43,1.99,13.07,14-07-2026,2025
Globe Civil Projects Ltd.,IPO,71,2025-07-01T00:00:00.000Z,544424,GLOBECIVIL,1189999760,33.04,-40.85,90,94.46,94.5,87,40.66,142.1,52.61,,60.06,14-07-2026,2025
Ellenbarrie Industrial Gases Ltd.,IPO,400,2025-07-01T00:00:00.000Z,544421,ELLEN,8525252000,33.65,-28.41,486,534.6,534.6,486,25.92,15.54,2.14,,16.04,14-07-2026,2025
Kalpataru Ltd.,IPO,414,2025-07-01T00:00:00.000Z,544423,KALPATARU,15899999701,4.58,-32.14,414,432.95,452.8,414,1.93,1.39,1.35,0.48,1.78,14-07-2026,2025
Arisinfra Solutions Ltd.,IPO,222,2025-06-25T00:00:00.000Z,544419,ARISINFRA,4995959928,-21.45,-51.78,205,174.38,208.5,171.49,1.2,3.07,5.98,,1.96,14-07-2026,2025
Oswal Pumps Ltd.,IPO,614,2025-06-20T00:00:00.000Z,544418,OSWALPUMPS,13873399996,1.85,-34.54,634,625.35,652,622.25,35.89,38.19,3.59,,24.93,14-07-2026,2025
Scoda Tubes Ltd.,IPO,140,2025-06-04T00:00:00.000Z,544411,SCODATUBES,2199988000,5,9.57,140,147,147,135.1,30.23,122.2,20.23,,40.52,14-07-2026,2025
Prostarm Info Systems Ltd.,IPO,105,2025-06-03T00:00:00.000Z,544410,PROSTARM,1680000000,20,23.71,120,126,126,120,41.8,222.75,38.12,,67.65,14-07-2026,2025
Aegis Vopak Terminals Ltd.,IPO,235,2025-06-02T00:00:00.000Z,544407,AEGISVOPAK,27999999960,2.98,19.21,220,242,242,220,1.97,0.64,0.78,,1.66,14-07-2026,2025
Schloss Bangalore Ltd.,IPO,435,2025-06-02T00:00:00.000Z,544408,THELEELA,34999999515,0.13,13.03,406,435.55,438.9,405,3.74,1.06,0.83,,3.05,14-07-2026,2025
Belrise Industries Ltd.,IPO,90,2025-05-28T00:00:00.000Z,544405,BELRISE,21499999920,8.23,158.11,100,97.41,102.4,91.55,0.98,40.78,4.4,,8.15,14-07-2026,2025
Borana Weaves Ltd.,IPO,216,2025-05-27T00:00:00.000Z,544404,BORANA,1448928000,18.13,39.63,243,255.15,255.15,243,35.27,237.23,192.74,,81.31,14-07-2026,2025
Ather Energy Ltd.,IPO,321,2025-05-06T00:00:00.000Z,544397,ATHERENERG,29807610339,-5.83,274.75,328,302.3,333,299.1,1.3,0.68,1.76,1.62,1.26,14-07-2026,2025
Quality Power Electrical Equipments Ltd.,IPO,425,2025-02-24T00:00:00.000Z,544367,QPOWER,8586955000,-8.73,180.28,430,387.9,430.75,382.5,1.01,0.77,1.72,,1.05,14-07-2026,2025
Hexaware Technologies Ltd.,IPO,708,2025-02-19T00:00:00.000Z,544362,HEXT,87499999209,7.7,-21.02,745.5,762.55,788,708,4.42,0.21,0.1,0.21,2.25,14-07-2026,2025
Ajax Engineering Ltd.,IPO,629,2025-02-17T00:00:00.000Z,544356,AJAXENGG,12689310125,-5.34,-3.37,576,595.4,609,566,6.46,6.41,1.89,0.9,4.84,14-07-2026,2025
Dr.Agarwal's Health Care Ltd.,IPO,402,2025-02-04T00:00:00.000Z,544350,AGARWALEYE,30272597940,-0.09,22.34,402,401.65,412.9,370.2,2.48,0.37,0.39,0.05,1.39,14-07-2026,2025
Denta Water & Infra Solutions Ltd.,IPO,294,2025-01-29T00:00:00.000Z,544345,DENTA,2205000000,16.07,13.71,325,341.25,341.25,325,94.71,505.15,89.36,,154.4,14-07-2026,2025
Stallion India Fluorochemicals Ltd.,IPO,90,2025-01-23T00:00:00.000Z,544342,STALLION,1994525640,40,126.33,120,126,126,120,69.58,424.11,94.51,,131.49,14-07-2026,2025
Laxmi Dental Ltd.,IPO,428,2025-01-20T00:00:00.000Z,544339,LAXMIDENTL,6980579848,28.63,-48.42,542,550.55,584,525,44.6,147.44,75.35,,63.1,14-07-2026,2025
Capital Infra Trust,InvIT,99,2025-01-17T00:00:00.000Z,,,15779981250,0.02,-25.42,99,99.02,99.2,98,0.99,4.08,,,1.76,14-07-2026,2025
Quadrant Future Tek Ltd.,IPO,290,2025-01-14T00:00:00.000Z,544336,QUADFUTURE,2900000000,53.1,45.67,370,444,444,362.1,56.72,265.68,256.63,,108.05,14-07-2026,2025
Standard Glass Lining Technology Ltd.,IPO,140,2025-01-13T00:00:00.000Z,544333,SGLTL,4100511380,16.68,95.29,176,163.35,181.7,161,131.6,273.52,65.72,,129.83,14-07-2026,2025
Indo Farm Equipment Ltd.,IPO,215,2025-01-07T00:00:00.000Z,544328,INDOFARM,2601500000,27.3,-28.02,256,273.69,287,256,97.11,498.49,102.57,,159.23,14-07-2026,2025
